N,P,K,temperature,humidity,ph,rainfall,label
156,77,230,39.03,71.07,6.82,127.72,ladyfinger
160,47,165,22.91,70.77,6.43,109.07,spinach
144,63,242,31.53,53.5,6.56,85.76,chilli
182,90,237,28.42,59.64,5.83,117.16,tomato
168,71,237,28.69,63.57,6.12,76.41,chilli
134,67,227,29.54,58.47,6.71,79.85,chilli
217,77,257,31.87,58.94,5.67,173.58,tomato
171,56,212,34.84,69.36,6.51,103.26,ladyfinger
104,54,174,20.34,55.42,7.09,80.71,spinach
180,77,201,27.2,60.39,5.9,51.48,chilli
94,73,229,20.59,51.29,6.91,77.71,spinach
144,52,252,29.82,53.45,6.36,98.45,chilli
149,67,225,26.55,53.45,6.3,102.84,chilli
208,74,217,32.26,59.09,6.29,150.87,tomato
129,70,218,24.37,65.67,6.92,88.2,spinach
102,30,193,25.3,80.0,6.13,89.93,spinach
174,66,320,24.78,56.57,6.37,135.01,tomato
117,56,230,19.55,67.95,6.38,80.57,spinach
133,54,212,33.01,72.32,6.56,123.11,ladyfinger
128,58,248,29.44,72.11,6.5,105.88,ladyfinger
198,82,280,29.55,60.21,6.08,117.98,tomato
165,77,277,31.1,72.14,7.07,63.27,ladyfinger
166,73,254,29.22,71.54,6.98,105.44,ladyfinger
163,70,254,31.99,48.42,5.58,106.36,chilli
141,67,211,32.08,76.0,6.38,101.4,ladyfinger
132,61,192,22.98,54.99,6.78,76.3,spinach
129,71,256,33.37,56.83,5.87,95.38,chilli
167,77,277,25.7,57.88,6.35,71.46,tomato
171,55,311,29.41,56.06,6.73,95.68,tomato
141,41,177,23.55,69.11,6.65,140.0,spinach
157,66,282,30.83,63.9,6.63,98.02,tomato
160,83,270,30.89,50.19,7.0,139.19,tomato
146,89,190,26.11,56.09,6.45,120.57,tomato
162,120,219,23.94,65.88,5.5,114.12,tomato
119,56,244,32.62,57.9,5.31,82.83,chilli
137,51,150,20.88,56.69,6.01,55.25,spinach
130,69,273,32.84,76.47,6.84,137.2,ladyfinger
150,67,232,26.46,54.77,6.16,90.66,chilli
150,58,238,35.04,57.74,6.77,59.49,chilli
111,48,165,21.75,52.96,6.73,81.65,spinach
133,75,196,19.61,53.97,6.28,79.34,spinach
147,55,256,31.33,69.36,6.51,115.84,ladyfinger
139,71,233,26.92,70.94,6.52,47.96,spinach
154,89,232,27.6,60.58,5.6,100.53,tomato
177,58,265,33.15,55.0,6.52,101.07,ladyfinger
185,56,307,27.51,65.58,5.87,127.7,tomato
179,72,203,29.04,75.0,5.5,119.19,tomato
227,88,240,23.72,63.15,6.53,104.21,tomato
120,70,202,19.42,77.18,6.66,59.26,spinach
110,65,222,28.81,65.57,6.17,108.94,ladyfinger
174,56,223,27.57,55.0,5.96,75.45,ladyfinger
157,53,191,21.94,62.57,6.74,47.67,spinach
151,60,209,25.78,55.62,6.42,68.06,chilli
124,64,165,16.72,52.79,6.88,68.96,spinach
197,101,304,27.26,45.0,5.87,109.33,tomato
151,48,210,33.36,78.58,6.5,127.6,ladyfinger
178,60,217,28.64,45.66,5.87,112.15,chilli
169,55,225,27.42,68.44,6.28,116.58,ladyfinger
128,75,280,32.34,48.09,6.45,83.67,chilli
132,76,172,23.42,57.59,6.67,61.63,spinach
140,63,240,28.04,62.32,6.49,56.63,chilli
183,64,224,28.29,68.83,6.1,114.1,tomato
190,82,242,27.98,74.31,7.02,140.14,ladyfinger
135,100,241,33.31,58.94,5.36,97.9,chilli
189,55,275,36.87,55.0,6.44,101.21,ladyfinger
111,56,217,34.83,69.93,6.85,80.85,ladyfinger
158,50,290,25.94,69.31,6.63,87.85,tomato
141,50,258,32.96,73.19,6.25,103.85,ladyfinger
115,54,216,22.53,54.32,6.61,92.21,spinach
154,70,224,26.79,50.78,6.0,86.11,chilli
168,78,229,28.02,53.4,5.97,100.99,chilli
114,52,218,23.01,67.53,6.64,49.29,spinach
144,81,222,32.11,40.81,5.0,95.68,chilli
161,75,243,31.19,52.5,5.68,85.02,chilli
190,62,291,26.18,67.28,6.83,131.42,tomato
110,54,209,20.54,59.59,6.51,58.26,spinach
147,55,238,31.32,75.19,6.22,147.81,ladyfinger
176,82,272,29.91,62.07,6.68,82.03,tomato
149,65,207,27.28,67.98,6.62,78.94,spinach
205,60,230,29.69,64.96,7.31,130.69,ladyfinger
124,47,164,20.06,56.35,7.01,97.63,spinach
151,63,231,25.17,55.62,6.11,140.93,tomato
169,59,222,28.99,53.92,5.51,81.76,chilli
184,55,211,35.95,75.17,6.43,120.41,ladyfinger
168,88,238,33.79,62.2,6.71,98.42,ladyfinger
173,95,226,31.8,63.3,5.89,93.65,chilli
191,68,190,33.52,60.7,6.96,91.9,ladyfinger
114,71,217,21.59,60.84,6.4,88.57,spinach
117,53,228,23.78,50.0,6.7,83.89,spinach
139,50,246,30.11,57.44,6.79,140.69,ladyfinger
159,71,226,32.81,57.92,6.12,95.11,ladyfinger
184,71,202,31.58,85.0,6.44,102.8,ladyfinger
144,49,197,22.04,58.72,6.69,77.58,spinach
111,55,215,17.67,50.0,6.33,55.59,spinach
179,65,211,29.7,65.86,5.69,87.92,ladyfinger
145,63,273,33.49,61.36,5.99,96.82,ladyfinger
189,72,270,24.79,73.75,5.84,125.48,tomato
144,88,249,26.66,45.66,6.51,67.29,chilli
164,77,203,35.82,57.52,7.25,100.95,ladyfinger
149,95,219,30.69,63.0,6.91,101.8,ladyfinger
135,85,261,25.96,49.72,6.79,132.29,tomato
209,58,230,25.01,45.97,6.24,165.15,tomato
158,61,167,23.46,52.62,6.82,70.58,spinach
168,66,251,33.41,55.82,5.82,70.54,chilli
102,71,192,25.65,77.17,6.8,71.37,spinach
158,91,263,27.52,52.66,6.24,80.88,tomato
204,83,308,31.08,54.77,6.21,118.82,tomato
117,62,205,19.74,62.45,6.26,101.52,spinach
156,79,261,34.28,47.9,6.66,144.33,tomato
196,92,220,29.26,53.15,6.24,88.39,tomato
198,52,259,24.44,56.82,6.41,122.28,tomato
136,71,223,30.94,61.87,5.49,51.78,chilli
171,80,220,22.0,49.87,5.75,70.43,chilli
148,56,253,28.79,80.67,6.7,110.45,ladyfinger
185,70,242,23.47,58.24,6.12,133.51,tomato
100,35,209,17.31,65.76,6.42,93.58,spinach
179,72,220,34.91,43.55,5.49,57.68,chilli
144,67,190,23.73,61.43,5.5,82.97,tomato
137,64,181,22.11,70.47,6.44,101.46,spinach
164,49,236,32.49,71.03,6.31,135.03,ladyfinger
167,52,271,24.0,69.3,6.86,79.99,ladyfinger
171,82,238,35.46,54.34,6.26,78.31,chilli
178,70,228,32.43,49.2,6.02,92.51,chilli
120,43,242,27.69,66.25,6.81,83.51,spinach
151,50,196,21.78,61.39,6.56,64.83,spinach
125,69,204,31.17,67.02,6.51,97.84,ladyfinger
125,36,215,22.89,70.11,6.82,87.35,spinach
237,108,215,32.75,56.8,6.25,118.42,tomato
139,75,239,36.58,62.65,5.98,72.19,chilli
101,58,178,20.78,57.03,6.7,97.17,spinach
162,54,223,31.35,68.13,7.14,118.32,ladyfinger
167,75,230,40.0,65.16,7.1,108.65,ladyfinger
154,81,253,24.76,58.6,6.36,129.01,tomato
159,78,259,26.43,70.82,6.37,120.99,tomato
167,50,245,27.02,63.12,6.14,111.99,tomato
164,81,225,22.94,55.15,6.49,100.55,chilli
159,83,239,35.41,62.71,6.32,142.66,ladyfinger
188,63,218,29.66,66.09,5.58,94.05,ladyfinger
154,60,228,31.01,72.23,5.72,132.82,ladyfinger
146,71,215,32.68,69.2,6.49,99.89,ladyfinger
114,77,229,26.97,42.76,6.61,118.28,chilli
123,57,194,26.47,52.19,6.25,77.93,spinach
194,57,238,29.74,76.74,6.18,107.85,ladyfinger
144,81,276,22.92,66.56,6.53,143.85,tomato
144,68,243,31.49,75.08,5.99,123.43,ladyfinger
144,60,258,21.6,68.1,6.14,180.0,tomato
166,92,256,25.05,59.95,6.51,115.29,tomato
164,74,222,29.19,55.65,6.19,95.35,chilli
103,49,226,21.0,61.77,6.21,88.47,spinach
119,62,172,23.15,66.33,6.65,85.78,spinach
146,66,226,31.01,70.64,6.42,126.75,ladyfinger
163,65,304,29.66,52.51,6.64,125.02,tomato
172,80,247,31.66,51.39,5.89,145.91,tomato
150,65,280,32.03,51.73,5.58,52.39,chilli
87,53,242,22.06,66.85,6.12,67.67,spinach
99,40,183,21.86,66.95,6.43,87.04,spinach
142,77,259,28.53,45.25,5.84,118.4,tomato
161,79,243,33.76,56.63,6.55,93.83,ladyfinger
163,105,193,31.93,58.21,6.54,122.0,tomato
160,69,225,30.56,65.26,6.39,60.0,ladyfinger
178,84,279,29.58,58.47,6.12,132.75,tomato
149,71,261,24.41,48.05,5.5,138.02,tomato
118,66,182,21.9,79.17,6.31,116.25,spinach
155,63,232,28.37,50.96,5.39,108.53,chilli
147,61,175,34.84,76.57,6.4,76.39,ladyfinger
166,70,206,32.98,59.22,5.69,90.98,chilli
190,58,255,32.49,56.92,6.03,106.7,ladyfinger
149,81,279,25.8,54.17,5.53,121.84,chilli
128,46,189,24.17,62.02,7.02,72.01,spinach
175,69,230,33.61,62.38,6.06,111.36,ladyfinger
149,65,236,28.81,67.74,6.59,72.17,chilli
170,72,259,23.51,70.25,5.93,138.05,tomato
168,86,273,31.31,73.78,6.27,155.21,ladyfinger
167,67,249,28.61,71.58,6.45,115.1,ladyfinger
107,58,195,15.29,50.0,6.32,89.15,spinach
186,65,257,33.84,46.99,6.41,76.97,chilli
176,105,245,27.94,56.14,6.64,169.0,tomato
132,91,230,30.32,53.0,6.12,95.6,chilli
194,75,247,28.44,53.91,6.28,158.26,tomato
184,65,240,31.26,74.56,6.13,131.86,ladyfinger
146,72,228,31.68,56.9,5.52,71.23,chilli
148,78,230,21.42,72.8,6.48,133.33,tomato
178,61,236,33.22,55.94,6.63,77.94,ladyfinger
183,74,205,26.24,58.17,5.95,121.48,chilli
203,77,252,27.61,69.03,5.85,99.86,tomato
194,105,243,28.21,61.54,7.0,67.52,tomato
164,44,214,31.11,71.66,6.24,87.18,ladyfinger
140,61,236,30.95,77.22,6.49,129.97,ladyfinger
146,84,224,32.14,63.25,6.16,70.59,chilli
158,70,195,23.23,58.45,6.07,77.64,chilli
181,88,306,26.55,62.6,5.5,60.2,tomato
131,55,189,21.67,64.29,6.39,74.82,spinach
150,74,232,29.09,72.0,5.91,85.38,chilli
105,51,229,22.34,53.49,6.78,66.64,spinach
110,50,206,17.66,53.74,6.28,75.73,spinach
94,57,225,18.24,66.48,6.78,80.25,spinach
117,100,233,30.63,59.92,6.28,87.19,chilli
166,68,251,29.3,56.85,6.42,127.66,tomato
240,88,254,31.54,75.0,6.55,143.72,tomato
131,77,220,31.55,59.3,6.4,102.78,ladyfinger
168,39,183,34.46,65.63,6.0,137.96,ladyfinger
184,98,268,25.45,75.0,6.31,151.88,tomato
106,48,222,21.12,74.98,6.3,85.58,spinach
192,55,245,25.56,66.62,6.63,68.14,tomato
114,58,199,20.73,60.44,6.6,49.66,spinach
143,68,197,15.63,60.14,6.89,79.54,spinach
155,55,220,31.16,53.76,6.29,91.98,chilli
147,74,239,31.83,52.35,6.13,99.6,chilli
200,71,240,24.66,67.02,6.31,80.32,chilli
136,67,179,24.89,68.3,6.75,117.94,spinach
171,59,256,26.94,67.98,6.63,126.29,ladyfinger
119,34,198,18.09,70.36,6.61,61.2,spinach
94,30,205,27.4,74.91,6.56,70.17,spinach
99,52,185,21.44,65.45,6.66,78.59,spinach
151,84,225,26.45,70.6,6.53,123.95,tomato
129,59,230,33.52,61.94,6.09,121.23,ladyfinger
142,62,261,27.66,60.88,5.78,80.79,chilli
93,62,185,27.16,80.0,6.27,69.01,spinach
105,63,217,27.55,63.6,6.7,81.96,spinach
161,78,224,31.57,48.6,5.88,93.84,chilli
219,93,227,27.08,61.16,5.92,162.31,tomato
93,39,237,21.37,59.65,6.81,67.89,spinach
185,65,256,32.39,63.59,6.58,114.07,tomato
180,67,171,30.86,43.45,6.18,98.23,chilli
163,61,236,29.95,78.87,6.97,107.07,ladyfinger
138,61,175,33.2,64.85,6.84,118.58,ladyfinger
107,60,175,22.18,68.57,6.4,83.41,spinach
110,65,182,17.77,52.55,6.68,54.39,spinach
187,56,231,33.38,66.51,6.59,122.22,ladyfinger
97,61,216,19.59,72.16,6.31,85.06,spinach
173,55,218,25.74,67.65,5.96,111.74,ladyfinger
119,73,242,20.63,60.18,6.64,60.03,spinach
145,71,273,30.5,74.26,5.99,160.0,ladyfinger
158,83,214,25.99,59.9,6.23,91.43,chilli
160,76,255,32.37,61.28,5.83,112.34,ladyfinger
136,44,220,26.61,56.02,6.22,100.35,spinach
109,72,221,29.75,62.93,6.3,95.96,chilli
180,62,242,32.11,69.59,6.19,117.82,tomato
147,75,204,30.69,61.22,5.71,105.63,chilli
171,69,260,32.96,61.12,6.6,85.24,tomato
167,82,273,35.0,66.62,6.66,107.35,tomato
158,44,222,31.22,66.02,6.42,119.71,ladyfinger
156,100,270,26.34,68.01,6.0,100.45,tomato
176,78,251,28.23,56.54,6.71,90.76,tomato
147,63,185,27.43,56.59,6.13,92.97,chilli
114,57,188,25.77,57.84,6.44,71.21,spinach
225,98,254,21.09,57.11,7.0,114.23,tomato
171,66,240,26.34,67.02,6.13,95.5,ladyfinger
205,79,291,25.99,59.56,5.83,120.18,tomato
128,71,236,26.55,63.84,5.85,115.15,chilli
127,74,186,28.4,59.01,5.61,122.11,chilli
109,56,239,18.28,53.26,6.55,81.02,spinach
168,57,204,32.98,48.91,5.88,121.52,chilli
122,49,196,22.24,50.0,6.64,60.41,spinach
134,78,214,34.77,59.01,5.81,89.8,chilli
134,82,210,25.54,40.0,6.5,102.33,chilli
138,73,191,30.25,45.0,6.21,68.05,tomato
165,94,301,26.79,65.45,5.74,138.87,tomato
160,60,237,32.36,62.35,6.24,111.7,ladyfinger
137,72,223,25.19,40.48,6.12,92.71,chilli
132,53,209,20.19,65.69,6.45,103.36,spinach
149,82,251,34.48,79.81,6.61,130.42,ladyfinger
111,66,202,18.77,59.28,6.7,65.39,spinach
140,76,247,31.04,82.81,7.02,130.52,ladyfinger
184,73,238,28.12,65.29,5.9,95.55,chilli
165,52,254,30.81,55.0,6.66,85.43,ladyfinger
125,60,212,22.23,70.94,6.64,55.25,spinach
148,53,203,21.48,65.12,6.17,51.2,spinach
141,51,179,18.87,50.0,7.12,57.94,spinach
151,65,172,31.41,70.78,6.19,102.18,chilli
137,45,229,30.22,59.45,5.91,81.39,chilli
152,62,236,28.57,63.87,5.69,89.69,ladyfinger
93,51,203,20.64,63.25,6.47,78.38,spinach
132,80,214,26.61,71.9,6.3,85.59,ladyfinger
141,85,193,34.15,69.19,7.16,117.5,ladyfinger
182,75,255,35.35,69.26,5.65,108.41,ladyfinger
177,72,209,24.76,45.0,6.16,105.04,tomato
83,51,205,23.35,60.92,6.51,40.0,spinach
143,89,204,29.05,50.67,5.97,78.34,chilli
158,70,188,18.64,66.13,5.97,86.46,spinach
155,59,186,33.02,71.19,5.79,119.97,ladyfinger
123,78,213,28.69,54.74,6.02,107.9,chilli
163,79,218,20.51,61.6,6.44,126.55,tomato
142,59,227,30.56,58.11,5.59,57.98,chilli
159,88,231,35.54,59.32,6.42,83.53,chilli
146,58,181,26.65,65.93,6.85,81.35,spinach
110,54,189,26.36,67.61,6.59,92.44,spinach
166,48,208,29.56,64.69,5.85,114.48,ladyfinger
119,53,177,20.27,71.04,6.65,60.45,spinach
115,65,230,18.32,69.78,6.71,74.05,spinach
116,80,262,31.18,46.3,5.95,67.63,chilli
151,50,175,28.88,78.9,6.24,106.27,ladyfinger
169,76,206,24.07,51.04,5.88,83.74,chilli
146,56,220,27.9,63.72,7.18,126.18,ladyfinger
188,93,250,29.86,73.11,6.35,127.79,tomato
138,50,188,22.8,61.51,6.48,121.99,spinach
120,62,192,22.97,63.96,6.53,91.9,spinach
158,81,215,31.21,55.0,7.09,86.45,ladyfinger
172,51,270,36.29,64.22,6.48,124.13,ladyfinger
160,70,215,22.22,63.3,6.21,81.55,spinach
187,62,282,29.72,54.36,5.58,116.38,tomato
119,43,184,22.14,58.12,6.38,100.13,spinach
172,77,231,34.93,55.0,5.98,113.61,ladyfinger
182,81,243,31.11,46.06,5.98,109.41,chilli
179,90,283,25.76,45.0,6.19,127.34,tomato
169,50,268,24.0,76.67,6.77,100.49,ladyfinger
163,61,196,28.48,56.92,6.59,50.0,chilli
147,84,187,31.61,41.63,5.66,65.75,chilli
215,75,290,27.42,71.77,6.19,137.68,tomato
131,66,224,23.95,62.48,6.73,64.54,spinach
143,87,174,23.79,55.72,5.82,90.15,chilli
148,62,203,30.53,60.95,6.35,86.39,ladyfinger
158,77,248,25.74,69.02,5.0,74.62,chilli
180,72,310,33.5,53.06,6.42,138.73,tomato
158,72,199,31.82,48.96,5.96,118.94,chilli
188,77,225,25.84,75.0,6.2,139.55,tomato
141,73,229,30.84,63.49,6.09,117.04,ladyfinger
170,70,230,37.49,73.95,6.01,115.46,ladyfinger
158,67,226,31.48,57.32,6.54,124.25,ladyfinger
157,63,213,34.82,70.61,6.33,93.56,ladyfinger
131,53,195,25.3,71.6,6.74,106.11,spinach
149,60,237,30.31,58.62,6.49,133.61,ladyfinger
86,54,175,18.69,66.44,6.92,98.37,spinach
136,55,193,22.07,69.38,6.15,102.29,spinach
160,93,257,27.97,67.03,6.39,156.16,tomato
193,50,245,28.43,66.8,6.48,134.56,tomato
174,70,256,25.93,57.57,6.8,76.88,ladyfinger
179,96,256,28.63,51.27,6.29,145.89,tomato
163,73,213,30.62,72.79,6.54,121.17,ladyfinger
187,77,241,30.57,64.43,6.1,147.05,tomato
155,55,206,24.08,54.85,7.01,84.05,spinach
169,82,239,21.98,56.89,6.08,135.84,tomato
189,56,261,37.43,79.72,6.44,102.7,ladyfinger
176,88,275,31.65,68.46,6.55,112.12,tomato
118,41,177,18.99,66.66,6.52,65.57,spinach
186,52,255,29.15,70.85,6.68,95.49,ladyfinger
115,55,164,21.1,64.6,7.29,57.76,spinach
118,64,193,22.8,67.57,6.3,99.84,spinach
153,65,223,30.45,50.37,5.64,81.03,chilli
166,51,293,30.59,75.25,6.71,106.93,ladyfinger
139,90,197,26.96,40.92,5.82,79.93,chilli
128,46,178,25.38,55.48,6.99,61.99,spinach
142,81,236,33.7,82.11,5.5,138.14,ladyfinger
165,55,247,28.1,61.28,6.74,114.09,tomato
140,62,255,25.32,64.11,6.21,70.79,tomato
180,48,216,31.64,80.92,6.38,119.9,ladyfinger
102,47,198,19.85,70.46,6.95,68.4,spinach
144,73,196,33.88,84.25,6.63,124.03,ladyfinger
119,59,201,33.24,61.1,6.57,105.9,ladyfinger
182,87,320,25.02,51.04,5.9,120.8,tomato
117,55,196,24.89,80.0,6.33,52.6,spinach
86,45,193,19.11,69.05,6.28,123.3,spinach
161,57,216,28.99,57.05,5.55,115.04,chilli
201,59,215,34.35,75.67,6.71,151.56,ladyfinger
90,70,245,20.16,61.9,6.59,86.69,spinach
130,50,235,31.29,47.47,5.5,134.28,tomato
135,48,233,31.3,66.66,6.37,85.74,ladyfinger
150,61,233,32.16,71.02,6.62,106.2,ladyfinger
160,70,228,30.64,63.99,6.27,93.86,chilli
171,94,229,29.44,63.26,6.58,80.4,chilli
92,60,237,28.81,61.76,6.65,91.4,spinach
108,49,172,23.32,71.23,6.64,113.49,spinach
193,89,213,23.49,54.03,5.94,138.84,tomato
90,57,200,23.74,65.96,6.21,103.93,spinach
197,98,305,30.53,69.3,5.97,91.09,tomato
101,43,228,23.02,57.5,6.56,59.48,spinach
128,60,208,33.35,60.55,6.37,128.44,ladyfinger
95,59,222,20.74,50.0,6.56,88.73,spinach
155,41,215,29.38,44.08,5.63,106.19,chilli
136,38,233,17.01,73.26,6.84,58.18,spinach
171,68,236,34.79,64.71,6.17,109.74,ladyfinger
159,56,234,24.99,73.43,6.35,102.6,ladyfinger
108,52,150,17.45,75.93,6.99,75.02,spinach
164,60,255,32.71,70.45,7.02,124.57,ladyfinger
186,76,216,33.03,59.78,6.76,108.37,ladyfinger
137,73,225,34.75,79.68,6.14,127.45,ladyfinger
97,38,155,17.93,59.33,7.09,69.48,spinach
185,84,262,35.81,67.24,6.15,92.87,ladyfinger
125,67,230,37.03,77.42,6.15,118.2,ladyfinger
187,54,227,34.7,59.79,6.07,70.63,chilli
176,68,170,31.29,65.2,6.37,76.75,chilli
164,95,254,26.57,49.56,5.84,78.97,tomato
101,72,223,21.29,74.08,6.17,63.51,spinach
141,86,229,28.99,67.13,5.88,141.55,ladyfinger
133,73,248,26.49,53.8,5.31,82.14,chilli
130,81,268,29.13,61.34,6.66,106.51,tomato
199,86,258,26.98,62.96,6.15,131.45,tomato
159,61,265,34.63,59.83,6.54,91.3,chilli
169,58,244,31.62,47.78,5.78,123.16,tomato
186,90,195,26.23,68.04,5.79,111.02,ladyfinger
168,82,229,30.78,74.27,5.69,104.79,ladyfinger
142,68,199,29.75,75.31,7.44,120.51,ladyfinger
132,42,219,18.99,58.98,6.06,69.97,spinach
168,118,249,23.79,58.93,6.41,161.83,tomato
171,60,229,29.56,62.57,6.27,95.12,tomato
130,85,265,34.19,61.26,6.53,115.11,tomato
180,65,260,32.68,53.76,5.27,89.61,chilli
148,42,226,26.04,63.03,5.79,118.45,ladyfinger
148,54,200,24.12,66.87,6.79,85.74,spinach
175,50,255,32.29,48.21,5.97,128.23,tomato
202,85,275,27.51,69.62,6.2,121.45,tomato
128,55,177,22.97,55.57,6.86,70.71,spinach
175,71,242,29.74,71.3,5.95,122.47,tomato
209,88,190,26.41,55.51,6.39,60.0,tomato
140,50,216,21.43,67.59,6.16,81.7,spinach
137,51,194,32.98,57.04,5.95,79.82,chilli
162,78,209,28.01,59.67,5.93,123.1,ladyfinger
131,30,200,22.98,72.39,6.2,81.71,spinach
142,45,249,27.67,48.16,5.84,95.44,chilli
128,71,178,32.49,61.97,6.13,67.58,chilli
174,52,236,24.88,55.14,6.15,143.94,tomato
193,72,224,27.97,61.1,7.0,115.4,tomato
110,61,233,29.35,71.14,6.6,124.76,ladyfinger
173,67,258,27.35,50.58,6.79,104.44,tomato
116,46,165,24.78,80.0,6.08,91.26,spinach
164,62,216,32.06,49.87,5.77,101.83,chilli
138,52,178,15.54,59.25,6.44,60.26,spinach
114,58,179,23.56,77.26,6.47,88.03,spinach
146,71,201,19.74,68.68,6.3,120.27,spinach
171,90,260,31.73,70.03,6.19,89.1,ladyfinger
215,93,276,25.1,59.36,6.08,94.86,tomato
120,62,173,20.84,70.56,6.75,74.12,spinach
145,72,186,35.54,64.52,5.92,81.91,chilli
208,81,228,30.97,58.26,6.41,108.06,tomato
140,81,230,27.56,45.68,5.42,93.76,chilli
188,64,225,30.96,76.87,6.55,116.41,ladyfinger
100,65,262,28.57,51.08,5.89,67.58,chilli
130,67,196,28.84,63.12,6.04,140.0,chilli
159,52,240,28.33,55.1,5.96,64.57,chilli
133,78,225,22.44,58.43,6.16,90.4,chilli
135,58,159,19.12,64.02,6.53,57.4,spinach
142,69,220,29.91,69.4,6.54,78.4,ladyfinger
127,69,212,24.77,49.48,5.93,87.7,chilli
174,80,282,31.82,59.11,6.04,118.6,tomato
170,57,193,29.21,63.99,6.61,135.35,ladyfinger
161,77,201,36.9,77.21,6.37,106.73,ladyfinger
144,77,197,30.43,57.51,5.41,102.17,chilli
167,69,216,27.88,48.2,6.58,121.38,tomato
105,42,189,22.54,69.76,6.33,71.74,spinach
149,70,227,28.73,85.0,6.21,61.21,ladyfinger
114,47,243,19.43,60.56,6.56,55.96,spinach
139,40,150,24.8,54.06,6.43,56.6,spinach
152,75,225,31.37,58.47,5.29,102.74,chilli
155,68,237,23.9,52.21,6.48,87.32,tomato
134,81,250,27.03,51.07,5.79,140.0,chilli
151,50,226,30.87,64.14,6.11,119.44,tomato
191,73,239,28.86,50.69,6.06,98.51,tomato
165,88,226,29.23,41.36,5.97,106.47,chilli
182,69,302,31.12,54.08,5.67,110.36,tomato
133,70,232,32.3,56.15,6.13,91.7,chilli
138,53,201,22.63,50.0,6.43,66.36,spinach
183,67,253,30.53,46.8,6.74,109.81,chilli
86,49,175,22.94,57.74,6.08,109.31,spinach
174,65,212,26.01,49.06,6.21,90.15,chilli
144,63,223,35.62,66.2,6.08,152.74,ladyfinger
176,82,236,33.88,64.55,6.52,139.25,ladyfinger
130,66,236,20.92,54.39,6.38,85.21,spinach
152,60,233,31.01,58.75,6.18,107.85,ladyfinger
111,51,219,31.99,68.84,6.35,118.98,ladyfinger
144,57,226,25.32,60.49,6.26,81.56,spinach
107,69,194,22.87,67.08,6.46,96.22,spinach
124,58,242,25.21,66.53,6.78,59.35,spinach
185,66,302,26.09,59.67,6.42,105.22,tomato
184,52,250,32.03,41.27,7.0,88.73,chilli
153,48,245,24.33,69.42,6.57,75.03,spinach
152,61,193,24.09,62.33,6.85,87.39,spinach
98,33,210,29.48,64.95,6.75,81.64,spinach
168,82,285,26.17,51.94,6.3,75.17,tomato
117,45,228,21.64,50.0,6.75,69.29,spinach
184,50,260,26.96,59.4,6.05,140.18,tomato
125,53,181,25.15,78.24,6.35,67.76,spinach
168,66,245,29.47,59.93,6.32,165.34,tomato
132,73,302,25.7,55.17,6.02,89.63,tomato
142,61,238,25.39,59.52,6.27,72.41,chilli
181,63,213,31.66,67.28,7.18,83.04,ladyfinger
124,54,211,15.0,70.46,6.54,75.55,spinach
148,90,270,29.15,52.04,6.3,90.42,tomato
135,51,172,20.65,75.06,6.34,87.17,spinach
160,61,213,16.6,60.66,6.26,67.58,spinach
181,83,231,35.72,47.18,6.76,70.7,chilli
162,53,186,31.37,67.43,6.24,114.9,ladyfinger
180,83,185,30.67,60.89,6.25,77.42,chilli
80,62,184,16.51,69.09,6.91,77.25,spinach
80,63,205,23.52,80.0,5.87,114.49,spinach
134,71,235,33.61,43.09,5.9,98.93,chilli
158,78,226,32.99,59.6,5.88,80.74,chilli
148,96,265,25.8,58.87,6.84,138.34,tomato
140,54,192,22.46,58.32,7.13,47.85,spinach
158,75,271,35.0,58.18,5.64,130.06,tomato
95,61,216,19.91,69.66,6.58,69.22,spinach
157,39,241,33.05,71.07,5.5,82.16,ladyfinger
122,68,179,23.63,66.6,6.58,105.45,spinach
124,71,244,28.85,62.62,6.39,117.69,ladyfinger
164,89,265,31.21,50.4,5.5,141.45,tomato
210,68,283,26.36,49.31,6.49,152.27,tomato
202,56,223,22.58,57.8,6.18,122.85,tomato
141,75,197,26.37,64.94,6.29,91.32,chilli
106,53,229,22.58,60.75,6.65,57.95,spinach
153,60,241,32.11,64.22,5.53,88.16,ladyfinger
183,78,236,25.52,54.5,5.66,118.1,tomato
145,64,233,32.24,85.0,6.55,65.21,ladyfinger
211,86,221,27.07,55.09,5.92,144.47,tomato
190,69,242,23.79,59.13,6.64,137.13,tomato
150,61,213,30.01,44.0,5.81,97.75,chilli
154,80,232,29.42,75.43,6.28,123.65,ladyfinger
139,66,231,37.02,73.98,5.66,82.17,ladyfinger
161,54,264,27.68,53.21,6.13,78.69,chilli
144,56,258,23.18,66.54,6.41,82.67,spinach
161,54,175,36.05,75.76,6.61,96.64,ladyfinger
173,56,230,29.96,52.33,6.35,107.58,chilli
122,42,185,22.96,52.26,6.63,79.61,spinach
104,66,200,21.97,62.38,6.55,96.5,spinach
192,62,255,30.01,72.22,6.56,139.02,tomato
172,70,212,31.7,57.18,6.41,115.83,chilli
170,65,231,33.45,66.69,6.06,123.42,ladyfinger
116,66,204,32.51,60.86,5.93,145.31,ladyfinger
141,87,275,26.2,69.33,5.53,82.63,tomato
118,59,161,18.62,55.45,6.54,114.65,spinach
173,60,229,35.81,80.36,6.29,96.12,ladyfinger
131,58,237,28.67,48.17,5.74,103.98,chilli
197,49,248,36.44,76.07,6.73,122.93,ladyfinger
124,67,188,16.37,69.96,6.31,56.21,spinach
162,79,249,35.34,55.0,6.28,138.76,ladyfinger
179,97,244,30.19,62.81,6.34,113.22,tomato
201,86,264,23.25,60.4,6.39,138.22,tomato
178,71,231,25.45,55.67,6.5,114.45,tomato
159,91,204,26.1,64.77,5.95,114.1,tomato
120,48,217,23.26,68.94,6.34,40.0,spinach
158,92,194,29.94,51.21,6.7,124.03,tomato
156,72,257,32.91,44.64,5.52,101.58,chilli
171,79,263,28.59,44.71,5.8,94.18,chilli
164,73,204,32.78,80.54,6.63,111.27,ladyfinger
128,74,204,22.77,64.4,5.92,79.47,spinach
191,84,288,30.37,67.76,6.33,85.27,tomato
174,58,279,31.38,45.0,6.59,99.74,tomato
145,63,242,29.03,66.69,6.45,111.03,ladyfinger
184,62,222,29.79,69.55,6.37,114.55,ladyfinger
180,74,289,26.53,48.7,5.99,135.48,tomato
123,46,182,25.56,76.49,6.43,80.92,spinach
171,83,238,32.43,70.14,7.11,101.88,ladyfinger
123,51,205,17.96,57.23,6.86,66.86,spinach
145,54,225,27.45,60.32,6.88,74.27,chilli
156,66,228,31.32,61.67,6.51,91.56,chilli
141,62,232,33.93,64.37,5.5,115.78,chilli
180,75,253,31.82,40.26,6.52,92.7,chilli
145,111,249,27.83,64.7,6.58,143.65,tomato
162,53,229,23.82,73.63,6.15,111.35,tomato
156,49,221,34.27,75.52,6.32,125.04,ladyfinger
141,66,265,30.96,55.0,6.32,106.56,ladyfinger
142,67,223,27.7,85.0,5.93,114.84,ladyfinger
212,74,217,29.04,60.69,6.34,124.79,tomato
109,62,215,21.94,65.94,6.88,68.17,spinach
117,50,151,24.24,56.42,6.57,121.48,spinach
157,67,199,27.77,53.28,5.0,75.97,chilli
155,34,242,22.63,64.23,6.34,87.98,spinach
165,78,260,27.63,60.54,5.89,113.81,chilli
167,77,222,35.23,78.88,6.83,95.48,ladyfinger
148,71,240,27.6,73.67,5.96,130.66,ladyfinger
92,46,166,19.07,73.43,6.22,132.65,spinach
142,70,254,32.43,82.83,6.58,130.1,ladyfinger
148,52,150,20.92,64.49,6.2,69.7,spinach
188,83,211,32.33,75.39,7.01,125.81,ladyfinger
176,78,263,25.35,61.06,6.05,86.99,tomato
143,66,290,27.49,60.64,6.5,137.41,tomato
185,87,231,23.02,64.03,5.5,112.07,tomato
137,77,230,27.57,66.35,6.12,104.6,chilli
185,52,264,38.32,76.11,6.72,113.73,ladyfinger
143,73,207,30.08,65.73,5.51,153.35,tomato
199,94,220,31.16,65.87,5.94,76.87,chilli
107,50,185,19.41,65.39,6.25,85.41,spinach
177,69,241,29.32,68.33,5.73,77.72,chilli
156,57,236,29.65,56.71,5.61,93.21,chilli
151,70,197,30.23,66.17,6.18,90.62,chilli
180,52,220,27.93,52.51,6.16,103.39,chilli
124,59,203,21.77,55.44,6.94,116.14,spinach
105,72,268,28.94,53.2,6.12,78.82,chilli
202,64,291,28.94,65.5,6.79,92.21,tomato
153,98,185,32.39,68.31,5.87,107.19,chilli
159,58,244,33.53,65.42,6.47,137.2,ladyfinger
197,91,219,26.0,55.0,6.93,108.96,ladyfinger
188,68,225,29.8,48.43,6.65,79.45,chilli
170,79,237,37.03,85.0,6.61,88.16,ladyfinger
200,55,193,30.7,71.93,5.67,84.68,chilli
124,75,200,21.43,62.14,6.45,107.46,spinach
195,88,274,29.0,75.0,5.79,77.23,tomato
114,74,241,28.66,63.73,6.59,49.67,spinach
188,59,247,29.74,53.96,5.39,84.3,chilli
180,67,271,32.67,58.13,6.98,89.15,ladyfinger
143,71,175,19.57,54.94,6.43,89.33,spinach
100,56,211,24.08,66.41,6.39,63.45,spinach
133,65,250,27.17,62.64,6.34,90.49,ladyfinger
218,79,220,21.74,48.22,5.65,154.46,tomato
161,87,273,34.73,76.37,6.68,135.49,ladyfinger
122,82,201,27.66,62.94,5.25,59.53,chilli
148,76,256,31.45,60.74,6.6,87.61,ladyfinger
95,40,206,25.14,78.47,6.36,101.57,spinach
131,54,211,29.81,66.15,6.5,129.04,ladyfinger
200,58,211,32.89,75.73,6.76,88.84,ladyfinger
195,96,223,27.27,62.36,6.48,69.31,tomato
134,100,235,26.18,45.88,6.9,87.76,tomato
195,65,209,22.61,45.0,5.99,112.48,tomato
172,68,242,32.8,66.42,6.54,84.59,tomato
189,72,246,33.01,52.46,6.85,111.95,tomato
111,44,214,30.74,46.0,5.56,101.23,chilli
171,94,244,36.52,47.62,5.67,66.22,chilli
191,80,199,29.15,49.9,6.62,61.6,chilli
131,68,227,29.18,59.68,6.11,126.65,chilli
148,89,237,30.92,51.8,5.77,118.11,chilli
104,52,153,22.64,65.01,6.25,93.18,spinach
154,65,243,30.23,71.54,6.34,107.93,ladyfinger
177,62,234,29.67,53.53,5.69,123.31,chilli
239,69,238,27.81,63.17,6.31,152.1,tomato
208,84,240,27.88,60.16,5.88,134.47,tomato
152,64,200,32.87,45.42,5.64,67.92,chilli
152,72,247,30.27,57.92,7.5,106.89,ladyfinger
131,55,262,32.1,66.94,6.35,120.76,ladyfinger
135,86,269,29.88,65.0,5.58,111.5,chilli
141,77,225,29.5,54.9,5.61,60.06,chilli
130,100,273,22.77,55.14,6.83,156.19,tomato
215,82,290,23.93,56.45,6.08,117.14,tomato
154,58,270,32.29,83.83,6.57,115.33,ladyfinger
114,64,201,29.76,49.91,6.3,84.24,chilli
220,61,216,24.71,59.46,6.37,138.49,tomato
173,79,265,28.87,45.0,5.75,143.24,tomato
141,69,300,34.09,85.0,6.63,96.14,ladyfinger
143,92,216,35.08,76.75,6.53,95.25,ladyfinger
155,78,230,26.9,60.21,6.17,68.59,chilli
174,59,186,33.54,60.86,6.5,106.01,chilli
95,54,186,15.0,80.0,6.83,72.47,spinach
166,69,220,26.68,52.6,5.69,97.67,chilli
122,58,190,22.81,62.25,6.69,72.61,spinach
149,35,247,31.89,80.77,6.55,77.47,ladyfinger
160,67,166,18.03,68.85,6.66,90.98,spinach
168,68,213,31.33,61.53,6.24,110.8,chilli
124,51,208,21.11,66.35,6.9,59.87,spinach
195,69,244,26.64,53.69,6.2,114.61,tomato
148,68,248,34.1,73.68,6.4,96.0,ladyfinger
140,84,175,31.58,79.38,6.36,101.09,ladyfinger
135,59,232,24.02,63.89,6.13,75.82,spinach
162,70,234,27.57,67.46,6.4,63.1,chilli
196,49,282,31.22,70.28,5.97,93.03,ladyfinger
99,54,203,23.54,70.69,6.16,49.32,spinach
131,75,190,32.11,51.31,6.7,143.65,tomato
169,68,246,32.82,69.58,7.0,81.12,ladyfinger
202,57,198,26.77,78.6,6.26,104.42,ladyfinger
157,75,239,32.27,69.09,5.82,152.64,ladyfinger
95,53,192,29.28,68.46,6.09,68.7,spinach
220,90,226,27.85,58.72,6.33,156.28,tomato
142,72,194,31.31,48.9,5.94,107.56,chilli
151,62,212,36.01,52.54,6.14,100.83,chilli
136,70,251,29.69,82.17,6.27,143.66,ladyfinger
155,76,209,30.7,47.58,6.52,77.31,chilli
144,72,195,30.32,56.2,5.4,109.91,chilli
127,79,258,35.71,72.0,5.64,140.0,chilli
174,87,272,29.08,55.0,7.34,159.92,ladyfinger
152,50,189,21.15,54.24,6.22,59.92,spinach
168,95,203,29.7,52.82,5.22,83.79,chilli
168,86,286,30.27,72.03,5.83,128.14,ladyfinger
184,85,250,21.74,61.28,7.0,111.0,tomato
195,115,206,31.78,69.17,5.81,145.18,tomato
100,36,191,22.06,78.41,6.6,75.62,spinach
213,79,259,26.69,61.46,6.38,117.54,tomato
150,77,225,33.93,54.41,5.93,101.85,chilli
96,46,215,19.15,68.71,6.09,96.96,spinach
133,49,224,30.84,66.92,5.49,113.09,chilli
180,70,238,33.99,65.63,5.83,125.91,ladyfinger
137,46,202,20.57,68.83,6.6,100.75,spinach
163,65,232,31.67,69.07,6.75,123.4,ladyfinger
125,75,260,23.82,63.53,6.66,97.75,spinach
118,52,163,19.84,61.31,6.82,86.87,spinach
193,84,235,26.46,50.41,6.91,120.34,tomato
166,73,252,36.26,55.0,6.67,131.64,ladyfinger
202,58,260,25.56,57.07,6.4,133.04,tomato
148,87,224,27.38,51.75,6.53,99.08,tomato
122,68,208,20.18,68.65,6.36,66.11,spinach
129,68,213,21.71,80.0,6.77,91.47,spinach
152,61,226,26.27,47.44,6.26,69.69,chilli
139,39,181,19.69,57.48,6.75,76.12,spinach
190,60,238,27.88,51.21,6.92,98.66,tomato
172,79,199,32.06,61.46,6.38,105.02,ladyfinger
118,79,193,28.98,66.73,5.44,59.35,chilli
114,59,170,29.59,45.86,6.02,57.5,chilli
194,80,287,30.95,48.8,6.43,114.86,tomato
142,64,212,36.67,76.32,6.61,137.19,ladyfinger
120,57,234,32.76,59.48,6.35,94.21,ladyfinger
163,55,234,31.37,68.73,6.11,95.94,ladyfinger
146,61,259,26.26,84.22,6.59,109.07,ladyfinger
110,84,257,38.02,79.9,7.03,129.33,ladyfinger
171,82,249,27.0,45.22,5.56,116.69,chilli
188,64,268,35.4,73.44,6.6,119.3,ladyfinger
148,72,224,22.26,58.53,6.25,90.45,spinach
103,68,226,23.75,63.96,6.67,65.86,spinach
166,62,251,24.43,67.41,6.16,115.56,tomato
149,73,170,27.58,51.87,6.6,68.4,chilli
144,54,203,29.97,55.49,6.77,91.63,chilli
173,60,258,34.88,56.62,6.17,91.18,ladyfinger
153,51,195,20.25,56.88,6.31,55.52,spinach
154,64,199,26.71,72.0,5.9,51.49,chilli
148,78,283,21.43,72.28,6.65,108.51,tomato
137,69,210,27.63,58.81,6.13,44.43,spinach
135,62,240,30.7,85.0,6.06,135.95,ladyfinger
121,56,185,35.49,69.8,5.51,118.27,ladyfinger
129,57,211,22.67,75.23,6.21,66.46,spinach
139,57,175,36.82,82.76,5.99,104.99,ladyfinger
160,47,179,20.2,50.0,6.34,64.82,spinach
119,71,203,29.11,70.0,6.36,78.93,ladyfinger
146,56,262,27.36,63.04,6.48,126.64,tomato
198,88,265,28.0,63.32,6.84,112.87,tomato
126,63,231,21.7,63.37,6.24,63.46,spinach
124,58,168,18.76,73.43,6.49,93.63,spinach
146,67,267,25.8,57.59,5.55,124.67,tomato
141,83,193,31.04,51.93,5.7,140.0,chilli
207,71,241,30.31,55.78,6.2,129.97,tomato
103,76,170,22.93,70.07,6.62,76.29,spinach
186,75,254,32.55,63.05,6.05,107.5,tomato
185,85,217,25.36,74.39,5.91,161.41,tomato
172,55,234,31.89,65.78,5.99,103.71,ladyfinger
100,49,202,20.49,52.59,6.52,58.75,spinach
108,50,174,25.67,62.93,6.61,68.59,spinach
142,51,215,31.87,69.44,5.52,81.47,chilli
141,55,178,21.51,59.04,6.3,77.11,spinach
198,71,223,35.97,69.74,6.49,109.06,ladyfinger
125,43,208,21.53,50.0,6.24,71.73,spinach
157,93,195,35.87,75.25,6.21,145.85,ladyfinger
140,62,176,30.06,54.58,6.26,91.38,chilli
163,64,270,25.61,52.4,5.62,107.93,tomato
115,50,202,28.94,50.06,6.71,47.75,spinach
173,84,242,23.37,72.75,6.24,155.78,tomato
150,63,271,28.06,58.89,6.03,112.37,tomato
240,81,284,28.7,63.99,6.06,124.88,tomato
140,61,219,20.35,58.45,6.5,76.6,spinach
136,85,219,33.13,64.19,6.04,101.37,tomato
144,45,188,23.39,71.27,6.42,68.05,spinach
226,83,240,23.17,57.9,6.07,144.01,tomato
154,71,223,28.09,54.54,6.45,92.28,chilli
170,65,219,26.88,65.16,6.57,107.59,tomato
192,58,230,38.51,81.55,5.73,118.52,ladyfinger
183,71,262,29.52,53.05,6.02,87.5,chilli
102,64,226,16.46,57.56,6.05,67.0,spinach
189,78,275,27.65,56.92,6.42,141.9,tomato
100,52,158,23.2,70.18,6.36,111.48,spinach
171,81,218,26.24,47.01,6.11,96.84,chilli
124,80,209,21.06,72.37,6.64,88.4,spinach
112,61,257,22.55,66.99,6.36,63.0,spinach
103,52,210,20.31,58.42,6.57,84.9,spinach
143,56,202,23.66,58.11,6.51,40.0,spinach
129,65,206,21.22,63.43,6.48,79.26,spinach
159,80,204,31.45,58.36,6.65,106.84,tomato
174,66,243,30.62,58.57,6.17,57.91,chilli
155,84,236,29.49,65.82,5.05,131.04,chilli
147,72,223,30.01,46.29,6.44,95.9,chilli
138,74,218,30.28,50.6,5.8,95.75,chilli
146,41,246,32.75,70.28,6.14,109.24,ladyfinger
210,71,251,28.15,55.99,5.65,128.07,tomato
146,49,217,31.01,55.0,6.32,130.34,ladyfinger
127,67,170,27.02,68.35,6.29,78.88,spinach
141,100,238,37.11,66.16,6.1,96.03,chilli
173,68,195,31.0,65.1,6.22,81.31,ladyfinger
186,75,228,29.01,55.64,6.93,88.27,tomato
174,76,205,33.61,64.65,6.11,72.0,chilli
184,48,208,32.69,64.21,7.5,121.35,ladyfinger
166,85,278,27.33,68.52,6.78,97.09,tomato
115,55,162,23.54,69.58,6.48,102.49,spinach
128,57,237,26.15,52.35,6.18,88.68,chilli
187,57,222,38.94,64.37,6.7,122.37,ladyfinger
132,72,207,33.54,65.49,6.35,96.12,chilli
176,65,213,29.23,82.69,6.78,152.76,ladyfinger
122,79,258,28.68,45.89,5.02,70.38,chilli
130,67,216,27.23,55.7,6.52,73.52,tomato
156,76,257,28.83,66.84,5.74,116.57,chilli
130,61,228,23.23,63.07,6.7,118.0,spinach
130,72,170,31.45,60.28,6.3,82.1,chilli
162,81,212,26.29,65.2,5.96,124.61,chilli
124,72,232,31.55,63.52,5.69,79.35,chilli
80,70,164,21.2,61.57,6.68,48.04,spinach
80,67,192,23.28,74.58,6.09,65.81,spinach
186,68,216,33.2,83.66,6.77,122.05,ladyfinger
135,61,223,26.81,58.37,6.34,100.69,chilli
112,52,232,23.67,56.11,6.57,89.96,spinach
118,68,168,17.81,60.33,6.81,49.61,spinach
169,106,223,30.32,62.85,6.7,103.32,tomato
145,50,199,22.17,71.79,5.83,67.87,spinach
181,92,232,29.09,62.49,5.5,170.38,tomato
137,80,301,28.45,57.66,5.95,142.46,tomato
102,48,231,25.27,69.87,6.17,73.67,spinach
166,64,200,33.06,44.68,5.88,96.57,chilli
140,66,233,21.89,60.38,6.1,78.18,tomato
130,77,254,27.84,58.84,6.22,145.57,tomato
110,74,211,30.95,59.67,6.51,59.86,chilli
162,66,212,27.36,63.09,6.48,126.02,tomato
138,68,253,32.6,56.82,5.64,70.78,chilli
167,39,206,32.51,71.08,6.31,118.12,ladyfinger
142,65,215,30.99,54.41,6.25,110.48,tomato
198,73,208,26.47,58.75,6.71,85.05,chilli
122,57,185,21.05,69.93,6.86,77.21,spinach
187,105,190,29.24,75.0,6.31,161.26,tomato
145,63,199,20.75,50.0,6.18,118.23,spinach
150,81,260,32.19,54.33,6.55,50.0,chilli
109,63,246,32.36,62.31,5.61,122.32,chilli
128,73,195,19.46,59.78,6.17,64.3,spinach
164,50,286,32.62,55.57,6.1,101.15,tomato
176,78,202,33.54,52.6,5.51,86.56,chilli
129,58,225,27.0,73.11,5.95,54.41,spinach
110,65,217,27.54,69.67,6.39,91.81,spinach
156,77,256,29.05,61.92,6.3,126.21,ladyfinger
164,70,230,26.84,54.92,6.28,129.01,tomato
137,51,199,22.08,50.0,6.5,66.21,spinach
141,49,231,29.4,77.25,6.56,108.46,ladyfinger
130,92,249,31.61,51.24,5.5,126.98,tomato
166,58,288,26.51,49.85,6.13,121.71,tomato
162,75,186,32.26,69.44,6.69,105.87,ladyfinger
103,49,215,27.01,68.16,6.14,88.89,spinach
160,72,239,26.85,52.28,5.91,99.11,chilli
136,59,176,21.86,64.97,6.15,110.07,spinach
170,67,243,37.03,69.7,6.7,155.13,ladyfinger
157,60,194,23.81,64.77,5.84,93.14,chilli
135,69,224,31.71,82.9,6.12,111.32,ladyfinger
131,81,251,27.13,76.11,6.77,112.74,ladyfinger
129,61,240,25.57,63.46,5.79,82.23,chilli
153,57,228,28.63,63.37,6.31,80.09,chilli
181,58,198,40.0,76.27,6.29,129.12,ladyfinger
183,86,190,24.41,67.1,6.31,116.32,tomato
125,71,252,30.7,58.04,6.4,109.83,ladyfinger
165,87,266,29.93,46.45,6.6,105.76,tomato
207,87,224,34.54,61.55,6.14,144.1,tomato
127,70,199,26.69,50.0,6.75,81.74,spinach
151,65,247,28.95,74.99,7.05,106.2,ladyfinger
135,87,225,31.99,43.01,6.48,116.02,chilli
120,51,228,24.84,58.82,6.62,60.57,spinach
240,81,231,35.0,49.45,6.21,124.49,tomato
185,82,240,29.64,67.11,5.91,89.37,chilli
110,55,156,19.92,61.73,6.34,83.05,spinach
161,81,231,29.98,68.22,6.44,160.47,tomato
163,83,232,26.79,54.51,5.63,123.65,tomato
181,94,263,27.82,46.39,5.88,124.7,tomato
142,51,232,23.1,56.6,6.4,97.73,tomato
146,57,201,17.92,70.97,6.69,123.27,spinach
140,65,275,29.26,60.88,6.0,53.03,chilli
128,67,173,24.04,74.54,5.97,86.39,spinach
171,60,244,32.11,69.82,5.83,68.05,chilli
130,78,282,25.32,56.9,6.13,60.0,tomato
170,56,205,25.0,52.62,5.82,132.96,tomato
159,60,243,36.74,71.91,7.27,90.25,ladyfinger
218,81,281,35.0,64.78,6.22,138.06,tomato
168,50,260,27.18,67.76,5.76,104.52,tomato
138,83,249,28.44,55.82,7.0,154.0,tomato
111,62,224,22.27,76.82,6.16,76.13,spinach
126,91,208,31.51,72.07,6.28,103.62,ladyfinger
157,76,189,28.85,50.15,5.81,108.87,chilli
132,44,184,27.74,63.47,6.57,97.4,spinach
142,78,173,33.54,63.42,6.04,85.46,chilli
153,118,303,27.91,62.06,5.95,130.81,tomato
159,50,239,27.32,65.72,5.64,81.99,tomato
171,88,209,28.67,64.42,6.47,71.58,tomato
176,86,271,30.2,52.11,6.09,149.87,tomato
110,62,232,31.93,49.57,5.88,78.05,chilli
144,69,250,29.42,69.42,6.34,97.86,ladyfinger
171,84,235,25.46,55.32,6.01,128.99,tomato
117,55,177,20.67,57.92,6.45,114.23,spinach
157,54,265,28.81,68.91,6.52,139.78,ladyfinger
183,79,240,27.07,47.62,6.31,118.99,tomato
107,60,150,20.25,64.75,6.23,61.27,spinach
113,51,165,19.67,56.12,7.03,98.71,spinach
166,49,238,29.3,60.66,6.31,122.16,chilli
133,78,202,26.54,84.95,5.84,114.05,ladyfinger
135,56,218,21.76,65.63,5.9,98.33,spinach
139,64,237,20.19,63.16,6.01,72.15,spinach
162,71,282,33.68,73.2,6.5,99.36,ladyfinger
156,62,194,18.92,74.84,6.21,112.57,spinach
118,55,194,30.61,73.64,6.3,97.03,ladyfinger
197,97,276,28.75,58.15,5.97,156.78,tomato
152,58,226,24.84,63.38,6.02,79.58,chilli
145,66,236,32.79,58.36,6.44,78.62,ladyfinger
176,85,224,26.21,45.16,6.04,80.0,chilli
112,54,199,16.81,76.96,6.51,88.86,spinach
184,64,206,25.78,69.54,6.58,126.08,tomato
121,47,206,17.33,67.65,6.75,40.13,spinach
145,72,214,19.36,80.0,6.34,73.3,spinach
198,120,247,29.18,54.1,6.27,131.51,tomato
127,65,170,28.05,47.25,6.25,76.53,chilli
177,71,291,32.13,74.62,5.82,91.85,ladyfinger
173,74,188,22.44,56.19,5.91,70.46,chilli
186,78,263,32.28,64.65,5.84,109.12,ladyfinger
149,77,187,27.77,54.07,6.76,87.72,chilli
188,65,251,23.6,45.85,6.35,110.4,tomato
155,66,271,33.94,75.61,6.69,106.62,ladyfinger
164,79,280,35.0,50.04,6.38,102.31,tomato
144,86,244,31.11,42.95,5.98,78.2,chilli
140,77,243,29.88,60.36,6.45,137.59,tomato
100,52,245,23.92,60.43,6.67,107.99,spinach
190,57,240,32.88,72.99,6.29,138.19,ladyfinger
152,84,201,33.0,48.75,5.66,106.37,chilli
146,67,291,31.06,57.09,6.54,128.53,tomato
80,53,159,25.62,71.22,6.64,110.42,spinach
209,84,288,28.87,50.74,5.67,81.21,tomato
139,55,209,29.28,57.15,6.1,73.44,chilli
190,97,198,29.23,57.79,6.25,131.47,tomato
158,60,209,29.47,42.73,5.32,77.99,chilli
140,71,272,27.41,56.28,6.22,76.36,tomato
125,57,221,21.59,68.12,6.47,85.31,spinach
148,77,268,24.38,66.47,5.86,107.93,tomato
144,55,234,28.05,40.0,5.85,109.62,chilli
175,68,300,33.21,68.87,6.06,93.63,ladyfinger
122,62,212,22.67,58.68,6.64,117.64,spinach
132,58,184,21.38,61.06,6.32,96.99,spinach
177,40,244,32.66,83.35,5.79,144.26,ladyfinger
179,86,269,33.32,77.23,6.05,127.08,ladyfinger
124,51,205,25.22,56.79,6.54,66.0,spinach
177,86,256,30.87,55.26,6.35,104.64,chilli
153,41,203,28.56,40.0,5.54,50.38,chilli
165,60,254,30.43,49.62,6.27,107.86,chilli
172,54,199,31.78,62.77,6.72,127.92,ladyfinger
142,86,219,27.28,59.47,5.84,65.51,chilli
145,82,195,27.68,46.94,6.03,68.24,chilli
152,47,175,15.54,59.89,6.1,112.84,spinach
179,84,215,27.34,64.88,5.58,125.02,tomato
136,45,212,23.52,73.48,7.33,87.85,spinach
170,70,198,34.77,49.0,5.14,99.17,chilli
170,64,266,34.91,73.31,6.42,124.46,ladyfinger
190,66,239,27.66,67.53,6.3,91.76,ladyfinger
136,57,269,29.56,71.44,6.49,138.55,ladyfinger
159,72,216,32.43,64.86,5.39,78.06,chilli
146,107,260,23.78,56.47,6.24,162.61,tomato
157,99,221,23.15,63.05,5.87,128.03,tomato
117,63,189,17.18,79.0,6.91,54.15,spinach
150,49,237,29.55,61.56,6.11,160.0,ladyfinger
172,105,261,25.41,59.75,6.21,131.82,tomato
174,63,225,31.91,61.1,5.98,132.74,tomato
151,82,262,24.47,67.42,5.5,105.55,tomato
164,70,206,33.08,68.17,6.51,94.06,ladyfinger
152,75,223,33.57,57.76,5.98,110.84,chilli
134,59,230,28.5,81.77,5.87,139.61,ladyfinger
142,73,215,32.82,42.76,5.4,93.62,chilli
174,66,240,29.88,83.93,7.5,103.87,ladyfinger
95,69,198,25.35,67.74,6.64,91.4,spinach
105,63,223,23.35,74.47,6.15,113.34,spinach
103,69,217,20.67,61.16,6.59,89.26,spinach
153,78,236,28.57,50.74,6.26,104.3,chilli
119,40,191,24.67,69.6,6.65,81.0,spinach
125,59,216,26.96,57.71,5.91,90.21,chilli
174,75,180,30.76,77.6,6.51,83.68,ladyfinger
156,74,225,31.47,55.44,6.0,113.93,chilli
201,86,262,26.72,63.6,6.1,133.9,tomato
153,48,199,27.96,48.63,6.08,86.79,chilli
174,51,197,23.14,48.74,6.31,81.72,chilli
189,37,270,30.37,69.38,6.19,143.94,ladyfinger
191,65,188,33.1,64.43,6.75,125.32,ladyfinger
174,47,294,28.33,78.2,6.0,96.38,ladyfinger
174,77,284,31.82,58.63,6.64,128.94,tomato
172,74,273,34.65,68.72,5.95,146.69,ladyfinger
143,63,228,28.25,58.19,5.47,85.22,chilli
128,69,216,17.49,73.42,6.2,72.32,spinach
145,65,217,30.88,40.0,5.37,77.26,chilli
148,49,153,25.02,59.52,6.74,40.6,spinach
187,52,258,37.04,69.98,6.07,112.71,ladyfinger
148,79,210,32.49,40.0,5.59,109.59,chilli
180,58,231,34.36,79.38,6.19,153.11,ladyfinger
137,63,207,22.31,64.5,6.27,74.39,spinach
104,50,223,22.99,60.76,6.65,81.94,spinach
192,69,216,34.4,74.53,6.41,115.86,ladyfinger
131,57,234,22.38,61.56,6.54,90.87,spinach
165,86,268,27.7,59.54,6.36,114.22,tomato
127,72,181,30.12,43.62,6.18,71.51,chilli
117,56,194,20.05,66.35,6.63,58.19,spinach
161,87,232,30.31,47.11,6.21,133.13,chilli
145,57,220,30.22,59.76,5.95,91.75,ladyfinger
201,79,251,27.44,69.7,5.7,135.2,tomato
194,78,292,26.55,67.64,6.18,104.79,tomato
125,60,160,24.69,61.14,6.54,112.24,spinach
222,66,265,27.74,70.06,6.36,114.13,tomato
168,89,205,28.55,63.62,6.88,100.73,tomato
210,83,213,32.06,76.03,6.71,119.73,ladyfinger
106,73,199,17.71,66.02,6.3,96.81,spinach
171,120,259,26.84,45.0,6.76,86.37,tomato
129,85,221,33.6,58.36,6.32,116.41,ladyfinger
146,104,275,31.27,56.3,6.14,84.17,tomato
138,43,218,22.04,57.37,6.38,93.73,spinach
156,74,191,29.45,56.89,6.3,136.65,ladyfinger
191,77,259,33.64,67.13,5.82,105.58,ladyfinger
131,73,220,29.48,65.71,5.72,63.01,chilli
213,59,268,25.79,48.68,6.29,145.24,tomato
107,51,153,20.64,50.0,6.02,95.21,spinach
140,77,203,28.67,72.94,7.04,102.24,ladyfinger
238,77,247,30.99,73.63,5.54,75.34,tomato
89,50,220,18.24,67.35,6.09,89.33,spinach
206,75,210,30.23,58.36,6.21,160.19,tomato
184,59,235,30.53,51.59,5.5,114.32,tomato
165,58,250,33.64,79.26,6.79,120.81,ladyfinger
127,82,230,33.15,57.6,6.06,55.48,chilli
134,59,192,19.48,57.91,6.66,104.58,spinach
98,62,171,24.0,68.7,5.98,66.45,spinach
172,59,236,30.33,71.19,7.02,131.31,ladyfinger
97,65,198,24.01,56.43,6.03,96.36,spinach
164,70,206,25.95,66.36,6.24,75.87,chilli
163,69,201,26.47,63.45,6.98,117.35,ladyfinger
137,55,236,21.21,80.0,6.69,62.86,spinach
142,61,253,30.97,78.63,6.0,82.46,ladyfinger
200,67,237,26.64,45.63,6.07,138.32,tomato
152,73,197,28.85,53.35,6.64,50.0,chilli
84,60,219,20.27,50.0,6.34,87.84,spinach
144,56,151,18.65,63.51,6.59,78.87,spinach
145,65,256,27.76,55.37,6.01,137.4,tomato
189,79,230,21.85,62.99,6.78,105.22,tomato
131,60,289,27.17,54.63,5.7,106.12,tomato
130,66,299,26.25,50.61,6.12,171.7,tomato
151,102,240,32.36,59.37,5.5,142.3,tomato
146,75,236,30.44,74.95,6.11,124.04,ladyfinger
135,53,208,33.25,54.8,6.25,123.29,chilli
143,53,231,35.51,69.96,6.22,76.44,ladyfinger
196,81,197,25.42,65.38,6.27,149.52,tomato
115,56,164,20.37,65.89,6.15,87.51,spinach
160,47,216,26.53,53.38,6.39,96.1,chilli
169,72,211,36.44,54.25,6.47,81.98,chilli
133,53,178,24.64,70.77,6.23,107.11,spinach
93,53,223,21.62,77.09,6.06,79.76,spinach
96,57,151,18.02,66.57,6.72,83.43,spinach
115,59,223,19.59,76.94,6.42,79.57,spinach
171,62,229,28.47,56.46,6.36,65.46,chilli
192,77,234,31.11,48.62,5.81,110.06,tomato
132,76,201,19.82,63.54,6.91,67.08,spinach
120,45,212,22.6,60.2,6.52,72.29,spinach
180,75,245,28.64,52.05,5.79,85.29,tomato
123,74,175,19.97,69.11,6.55,87.01,spinach
154,90,293,27.05,58.07,6.79,132.64,tomato
177,68,254,29.43,61.8,5.11,138.38,chilli
126,48,245,26.11,53.57,6.3,77.7,chilli
169,87,264,33.6,78.24,6.25,98.82,ladyfinger
191,95,203,31.24,60.3,6.64,118.24,tomato
133,67,237,31.64,49.36,5.66,103.14,chilli
154,60,236,30.23,72.63,6.19,120.31,ladyfinger
159,57,266,24.89,65.75,6.73,103.53,ladyfinger
162,96,263,23.37,55.69,6.35,140.94,tomato
148,88,204,28.22,58.83,5.77,93.05,chilli
107,60,245,21.43,70.76,6.11,60.87,spinach
161,100,230,25.58,60.61,6.47,116.46,tomato
163,42,233,32.69,69.31,6.17,89.18,ladyfinger
84,58,152,21.79,54.05,7.1,98.23,spinach
164,81,250,29.44,57.85,5.5,109.18,tomato
138,56,200,30.57,65.23,5.5,125.4,ladyfinger
190,91,257,27.03,64.73,6.47,127.69,tomato
162,65,218,30.27,55.86,6.4,102.87,chilli
140,65,228,31.37,40.0,6.41,118.73,chilli
122,44,150,23.31,72.23,5.79,59.81,spinach
155,77,241,28.52,57.27,6.39,113.31,chilli
130,64,193,28.65,51.75,6.04,57.71,chilli
116,83,174,30.74,62.09,5.42,71.51,chilli
106,57,197,21.34,69.91,6.73,69.39,spinach
115,47,178,19.55,64.38,6.6,85.53,spinach
141,50,233,22.59,80.0,6.29,114.72,spinach
211,73,229,22.09,60.83,7.0,126.93,tomato
214,85,235,25.15,57.27,5.8,121.2,tomato
162,68,239,31.2,51.59,5.95,87.04,chilli
110,52,176,20.67,68.02,6.73,61.56,spinach
153,81,230,29.09,85.0,5.67,93.75,ladyfinger
194,61,257,34.53,67.73,6.93,60.0,ladyfinger
165,48,289,31.69,68.83,6.01,110.53,ladyfinger
139,49,229,29.12,69.59,6.68,131.9,ladyfinger
123,77,210,29.05,69.09,6.57,113.61,ladyfinger
144,82,213,31.29,54.09,5.98,82.45,chilli
112,52,224,24.76,55.03,6.52,65.81,spinach
160,70,208,38.41,67.31,6.28,102.37,ladyfinger
160,61,205,31.54,73.34,6.61,157.75,ladyfinger
165,59,221,32.06,40.0,6.85,84.34,chilli
197,65,188,28.78,55.11,6.23,78.17,chilli
122,78,220,31.82,55.52,6.23,73.71,chilli
176,68,250,28.56,57.15,6.08,89.1,chilli
171,74,222,33.51,67.37,6.69,113.73,ladyfinger
234,75,222,28.74,53.58,6.79,112.92,tomato
140,76,160,16.36,79.97,6.62,62.63,spinach
108,63,172,23.59,76.53,5.76,64.06,spinach
90,51,221,22.64,55.03,6.55,87.71,spinach
137,57,192,31.3,53.22,5.33,99.56,chilli
182,81,245,31.58,59.33,5.75,110.16,tomato
169,69,211,28.5,72.25,6.33,157.46,ladyfinger
123,58,247,24.85,60.38,6.23,89.84,spinach
201,86,253,29.16,62.59,6.71,152.37,tomato
135,50,194,19.02,50.0,6.44,128.25,spinach
154,73,289,28.04,50.11,6.7,138.28,tomato
163,83,198,26.36,51.26,6.25,144.86,tomato
85,58,190,19.97,69.89,6.81,98.63,spinach
136,66,264,33.15,59.22,6.33,143.81,tomato
132,65,195,27.53,44.7,5.64,118.39,chilli
134,41,230,22.78,62.05,6.54,44.48,spinach
133,55,178,22.23,59.58,6.79,77.06,spinach
153,56,257,29.24,76.8,6.48,109.01,ladyfinger
108,55,213,19.82,66.49,6.27,67.77,spinach
134,50,207,22.88,63.12,6.26,66.19,spinach
127,80,227,33.94,54.88,5.65,85.73,chilli
100,50,221,23.64,63.09,6.39,72.16,spinach
160,49,205,26.63,80.0,7.12,104.17,spinach
147,56,237,31.28,67.81,6.94,143.84,ladyfinger
171,65,210,33.4,67.78,6.26,76.9,chilli
190,77,269,27.81,48.39,6.23,146.22,tomato
139,68,254,26.38,74.18,6.18,105.76,ladyfinger
146,67,220,28.83,60.58,7.02,129.56,ladyfinger
133,70,194,33.81,75.02,5.74,144.1,ladyfinger
162,86,259,31.58,49.94,6.49,134.76,tomato
157,66,189,25.84,65.54,6.76,89.69,spinach
196,79,214,31.17,55.29,5.83,115.55,tomato
176,57,196,28.11,58.3,6.8,76.68,ladyfinger
159,50,254,30.38,59.02,6.02,116.02,tomato
169,57,241,29.24,82.13,5.77,137.11,ladyfinger
201,80,285,23.88,64.16,6.95,130.49,tomato
115,82,243,32.49,57.98,6.09,110.65,chilli
102,78,245,25.24,56.41,6.18,88.54,chilli
161,82,251,36.04,56.95,6.11,59.54,chilli
160,73,194,24.91,70.16,6.91,60.7,spinach
164,69,213,31.31,49.07,5.86,92.43,chilli
115,52,150,21.84,63.15,6.71,116.98,spinach
166,73,272,27.53,54.87,6.87,98.6,tomato
119,58,213,23.94,69.44,6.53,76.05,spinach
134,59,209,30.22,64.55,5.46,83.6,chilli
115,54,208,22.26,50.0,6.43,62.97,spinach
177,69,186,28.54,43.1,5.55,97.78,chilli
153,71,187,31.67,60.06,6.27,108.93,chilli
190,65,226,28.31,45.0,6.87,131.04,tomato
167,61,192,31.34,71.88,6.24,73.36,ladyfinger
134,49,216,24.92,69.97,6.03,65.46,spinach
127,48,222,22.92,71.5,6.69,63.42,spinach
156,50,206,21.95,74.51,7.26,69.38,spinach
116,52,208,24.45,71.88,6.33,76.66,spinach
134,51,206,22.04,65.78,6.27,80.49,spinach
135,74,246,26.81,50.53,6.04,126.73,tomato
132,58,260,25.36,63.98,6.21,47.87,spinach
160,69,232,27.82,74.11,7.17,119.0,ladyfinger
147,82,243,30.32,67.99,7.06,104.83,ladyfinger
117,62,224,19.64,54.35,5.95,90.16,spinach
129,61,233,22.59,70.67,6.47,108.8,spinach
191,62,270,25.21,50.93,6.06,105.36,tomato
171,74,221,22.13,54.65,6.28,86.3,tomato
144,40,186,23.13,77.52,6.48,68.9,spinach
126,76,222,21.02,74.61,6.38,40.0,spinach
159,55,193,25.72,68.95,6.23,95.13,ladyfinger
133,45,214,34.42,82.64,6.77,133.26,ladyfinger
158,83,289,29.76,56.7,6.3,113.98,tomato
160,61,204,29.13,62.07,6.29,152.94,ladyfinger
179,69,244,28.54,53.48,5.61,165.14,tomato
140,48,256,24.95,62.4,5.75,125.82,spinach
99,44,224,27.13,64.16,6.45,81.4,spinach
130,51,197,24.22,50.0,6.9,81.45,spinach
166,69,268,30.0,63.15,5.93,114.02,ladyfinger
172,56,284,25.49,59.53,6.38,124.99,tomato
119,97,186,29.03,54.74,6.77,63.5,chilli
145,62,172,20.43,68.91,6.13,94.26,spinach
161,68,228,31.14,61.66,6.43,92.64,ladyfinger
152,84,190,27.72,60.13,6.52,144.34,tomato
155,78,213,32.04,49.32,5.15,81.52,chilli
119,66,203,22.45,62.09,6.48,86.16,spinach
101,53,215,22.47,60.31,6.57,94.29,spinach
122,63,158,23.63,59.7,6.67,64.73,spinach
167,52,214,29.42,64.2,6.27,104.14,ladyfinger
160,63,260,27.69,64.15,6.07,95.04,chilli
160,103,291,26.6,54.97,5.5,82.96,tomato
129,69,298,28.01,67.72,5.5,103.38,ladyfinger
147,86,277,30.59,65.97,5.99,96.15,ladyfinger
158,59,222,32.09,70.9,6.22,103.99,ladyfinger
161,73,235,25.6,57.22,6.51,93.65,tomato
162,50,210,28.06,50.95,6.17,93.13,tomato
133,64,185,22.37,80.0,6.35,58.82,spinach
129,53,225,25.56,80.0,6.67,86.52,spinach
162,35,228,33.35,72.83,6.76,101.48,ladyfinger
112,44,195,21.08,71.24,6.89,107.91,spinach
145,59,280,30.73,48.19,6.35,105.38,chilli
141,50,235,28.9,62.1,6.37,109.07,spinach
152,68,271,31.76,71.72,6.36,137.22,ladyfinger
195,86,261,28.24,59.7,7.0,149.61,tomato
143,46,206,24.93,69.01,6.56,100.02,spinach
100,76,258,30.35,46.75,5.79,125.4,chilli
194,65,216,33.08,73.34,6.43,113.93,ladyfinger
124,54,186,20.36,64.74,6.34,65.74,spinach
124,55,184,28.43,70.07,5.89,83.73,spinach
137,64,233,34.87,50.84,5.47,102.63,chilli
123,46,235,28.02,85.0,5.58,92.4,ladyfinger
139,45,212,21.2,71.77,5.86,78.02,spinach
180,76,252,26.46,45.0,7.0,123.88,tomato
153,61,217,32.41,67.41,6.6,74.31,ladyfinger
118,60,248,33.37,80.82,6.88,103.72,ladyfinger
130,54,216,26.57,63.13,6.43,111.58,spinach
136,72,280,27.41,71.32,6.8,88.05,chilli
149,61,198,31.0,44.33,5.9,96.66,chilli
131,98,185,26.11,65.51,6.29,69.48,chilli
118,78,213,31.67,69.91,5.14,76.01,chilli
137,33,206,24.31,53.17,6.84,86.77,spinach
116,61,215,32.0,56.51,6.64,69.29,chilli
154,87,259,30.87,53.67,6.21,85.87,tomato
188,64,237,33.02,85.0,6.94,125.42,ladyfinger
141,73,232,32.12,64.43,6.16,62.49,chilli
163,82,253,28.45,48.71,6.52,125.99,tomato
173,74,218,36.16,64.94,6.96,119.73,ladyfinger
159,68,226,29.31,60.34,5.38,82.73,chilli
134,58,185,35.02,80.17,6.27,103.45,ladyfinger
175,73,241,30.03,63.45,6.16,90.27,chilli
139,51,157,19.23,77.5,6.42,75.13,spinach
116,72,198,31.98,67.51,6.66,115.02,ladyfinger
191,94,217,28.27,60.58,5.86,66.87,chilli
150,57,189,26.98,49.21,6.15,74.09,chilli
109,47,205,19.06,68.27,5.99,100.58,spinach
213,67,269,27.16,58.73,6.13,98.86,tomato
139,68,246,28.17,61.37,6.0,86.46,chilli
191,111,246,29.77,59.14,6.98,76.32,tomato
150,56,241,17.86,51.37,6.48,87.68,spinach
214,82,276,31.67,62.7,5.96,144.39,tomato
182,48,207,23.62,55.25,6.11,121.82,chilli
105,31,222,24.21,62.75,6.52,90.32,spinach
124,48,188,21.04,68.39,6.66,68.53,spinach
153,88,187,31.18,48.58,5.8,73.94,chilli
97,53,200,23.8,70.35,6.28,81.64,spinach
139,92,271,35.49,53.46,5.29,50.0,chilli
136,97,228,27.49,68.22,6.83,89.34,chilli
169,57,225,34.84,71.58,5.59,88.52,ladyfinger
141,90,188,27.03,49.51,5.66,84.64,chilli
147,71,282,34.99,69.35,6.67,122.71,ladyfinger
144,76,197,26.77,46.01,6.82,100.61,chilli
96,63,234,21.78,73.03,6.61,67.1,spinach
108,59,212,19.88,59.3,6.47,62.07,spinach
175,96,248,29.51,57.45,5.79,116.92,tomato
91,52,181,22.96,75.72,5.94,82.3,spinach
188,76,245,24.37,72.73,6.55,144.1,tomato
150,75,200,25.03,75.73,6.28,70.29,spinach
234,57,191,23.5,67.19,6.65,107.19,tomato
193,70,251,27.06,61.03,5.5,74.26,tomato
167,67,218,30.51,70.59,7.38,116.63,ladyfinger
170,73,212,32.88,60.18,5.73,63.44,chilli
99,63,234,24.09,67.27,6.2,63.06,spinach
142,91,231,31.02,53.97,5.97,84.73,chilli
131,60,256,37.48,73.34,6.87,104.6,ladyfinger
182,88,239,29.24,40.0,6.12,89.96,chilli
170,80,294,27.13,68.58,6.77,155.86,tomato
178,88,234,31.66,52.99,6.88,76.31,tomato
155,88,304,24.1,45.18,6.15,120.39,tomato
188,51,258,34.46,62.21,7.19,115.09,ladyfinger
148,67,210,32.01,72.39,6.33,150.53,tomato
165,56,275,23.86,56.51,6.1,118.26,tomato
161,53,264,22.51,50.17,5.5,117.85,tomato
116,62,219,29.56,63.05,5.58,95.22,chilli
204,95,291,25.44,63.8,6.45,108.15,tomato
161,78,217,26.53,49.54,6.46,80.31,chilli
144,62,218,25.78,54.39,6.6,77.78,chilli
177,61,201,36.36,62.82,5.05,78.69,chilli
181,57,177,33.32,40.0,5.92,140.0,chilli
108,53,185,15.38,72.18,6.88,93.03,spinach
181,90,201,29.44,51.56,6.53,95.93,tomato
149,78,240,30.41,76.44,6.07,112.1,ladyfinger
127,61,224,21.01,60.1,6.17,63.49,spinach
164,80,251,21.35,50.65,5.76,140.55,tomato
191,81,251,20.85,65.96,6.25,130.71,tomato
183,78,244,30.24,62.6,7.0,98.69,tomato
137,69,220,24.25,43.23,6.13,75.26,chilli
178,73,277,26.18,58.4,6.76,158.48,tomato
161,58,257,31.82,63.02,6.03,77.5,ladyfinger
174,70,209,33.14,55.97,5.7,113.1,chilli
165,76,187,34.03,69.94,6.74,130.13,ladyfinger
142,82,228,29.86,57.01,6.07,59.67,chilli
188,64,222,30.01,68.07,6.23,122.18,ladyfinger
149,65,245,30.56,55.42,6.31,82.5,chilli
163,80,247,30.31,55.0,6.31,132.62,ladyfinger
180,84,300,32.75,64.7,6.58,104.14,ladyfinger
161,68,240,26.48,52.15,6.66,91.37,chilli
176,59,236,27.1,57.13,5.98,92.57,tomato
125,58,190,20.54,61.54,6.62,71.58,spinach
142,65,235,25.32,46.38,6.14,102.46,chilli
177,89,249,27.35,60.47,5.96,111.42,tomato
152,84,260,27.95,61.41,6.31,111.47,chilli
212,82,236,25.02,48.44,6.47,134.45,tomato
176,83,241,31.42,55.0,6.41,111.57,ladyfinger
145,39,185,22.02,65.38,6.36,92.46,spinach
158,41,150,23.32,60.98,6.19,94.17,spinach
131,64,218,35.67,56.91,5.66,94.41,chilli
192,103,288,25.94,66.56,5.82,137.4,tomato
195,73,192,36.52,82.61,6.41,139.1,ladyfinger
193,65,208,28.32,57.45,6.45,118.0,tomato
114,83,280,28.65,70.16,5.89,62.55,chilli
134,64,295,33.57,59.17,5.7,172.4,tomato
188,63,208,27.38,60.23,6.75,102.95,ladyfinger
113,61,175,21.93,63.61,6.57,72.61,spinach
160,65,206,25.14,66.16,6.51,72.97,spinach
172,70,208,29.26,53.65,6.24,117.49,chilli
155,75,292,30.32,58.74,6.32,104.99,tomato
240,76,265,26.05,62.36,6.1,109.74,tomato
160,55,300,31.49,80.35,5.77,98.34,ladyfinger
130,55,185,18.72,71.68,6.77,49.09,spinach
130,53,198,29.48,55.82,5.89,50.0,chilli
127,74,194,27.43,52.81,5.58,80.49,chilli
170,83,246,29.91,57.05,5.95,111.61,ladyfinger
200,71,276,24.31,71.62,6.21,105.09,tomato
121,55,182,20.01,53.78,7.02,55.12,spinach
169,81,240,28.11,49.35,5.48,91.68,chilli
153,41,189,22.39,76.53,6.07,103.26,spinach
197,78,267,26.03,59.61,6.48,180.0,tomato
86,70,196,20.72,56.9,6.0,96.46,spinach
148,74,193,30.75,55.83,6.12,124.12,ladyfinger
153,72,225,29.93,59.08,5.68,117.99,chilli
161,98,295,25.55,48.36,6.32,106.31,tomato
151,83,215,31.14,54.68,5.96,95.18,chilli
156,78,300,32.35,59.51,6.17,123.76,ladyfinger
142,69,232,33.25,52.33,6.61,50.0,chilli
155,46,213,31.32,50.83,5.58,106.92,chilli
169,83,256,36.44,61.63,6.53,113.42,ladyfinger
128,69,202,33.89,65.02,5.98,127.59,ladyfinger
109,60,248,24.45,64.62,6.45,72.87,spinach
109,38,172,25.71,63.75,6.34,83.2,spinach
146,80,199,28.52,40.0,5.47,126.15,chilli
102,57,201,18.57,67.86,6.67,101.66,spinach
173,67,225,28.52,46.87,5.3,68.89,chilli
131,63,251,29.85,58.0,5.95,66.34,chilli
126,83,268,31.16,72.45,6.39,153.4,ladyfinger
180,96,320,23.68,58.2,5.5,124.82,tomato
89,45,224,19.05,63.2,6.67,60.63,spinach
160,62,195,27.56,51.36,5.86,133.31,chilli
155,71,228,30.28,64.94,6.05,60.84,chilli
181,61,236,34.3,43.98,5.86,112.84,chilli
180,79,286,26.69,60.16,6.08,99.67,ladyfinger
191,99,249,23.73,66.74,6.5,71.45,tomato
94,42,207,22.44,60.09,6.54,111.77,spinach
163,86,254,30.81,66.22,6.21,97.57,tomato
132,76,200,29.35,67.34,6.4,108.05,chilli
150,57,219,29.85,56.29,6.26,69.22,chilli
186,97,227,32.68,47.76,6.85,110.68,tomato
156,72,236,23.55,53.46,5.75,109.69,tomato
213,77,278,32.91,70.49,5.76,113.66,tomato
160,44,201,26.24,64.36,6.64,58.75,spinach
197,70,242,27.96,61.2,6.24,130.9,tomato
110,48,257,38.06,77.22,6.53,109.53,ladyfinger
135,61,175,30.23,69.35,6.63,104.09,ladyfinger
148,64,221,37.91,64.23,6.47,98.71,chilli
155,71,228,29.72,55.07,5.77,74.98,chilli
151,61,197,32.1,61.76,6.24,120.31,chilli
154,48,247,33.58,55.0,6.07,94.8,ladyfinger
167,65,258,20.0,45.99,6.13,122.06,tomato
128,82,210,31.81,66.21,5.52,78.68,chilli
129,59,239,28.15,44.22,5.76,89.36,chilli
130,57,179,24.1,60.39,6.54,131.2,spinach
179,62,182,30.55,70.35,6.89,97.51,ladyfinger
193,102,267,24.85,70.9,6.86,180.0,tomato
148,63,252,30.79,48.73,5.81,112.42,chilli
146,54,179,32.9,59.36,6.18,108.42,chilli
187,75,244,20.54,58.23,6.59,104.21,tomato
191,56,264,26.82,53.9,5.9,110.16,tomato
149,49,220,33.63,50.2,6.16,107.03,chilli
161,55,256,24.42,49.52,5.96,98.25,chilli
175,69,217,30.11,58.48,6.06,153.17,ladyfinger
164,51,213,29.62,58.78,5.0,93.32,chilli
179,99,282,24.77,54.61,6.58,60.0,tomato
171,74,214,33.87,79.01,6.36,154.04,ladyfinger
183,80,229,30.43,64.25,6.54,116.92,tomato
163,70,233,29.61,68.27,6.04,142.7,tomato
190,79,228,27.44,47.2,7.0,89.14,tomato
140,60,224,23.57,56.17,6.4,64.4,spinach
139,59,184,27.33,55.45,6.78,100.01,spinach
84,39,201,22.78,57.77,6.69,46.77,spinach
157,43,249,28.68,70.81,6.18,86.29,ladyfinger
129,36,171,21.15,62.59,6.14,87.78,spinach
136,55,211,20.45,63.43,6.44,65.07,spinach
118,80,180,26.92,78.42,6.33,91.38,spinach
152,65,199,26.82,49.28,6.45,76.78,chilli
175,78,258,31.07,61.27,5.52,104.22,ladyfinger
170,45,215,28.31,49.38,6.15,112.41,chilli
149,73,211,30.68,50.26,6.51,87.73,chilli
200,76,243,30.96,54.3,5.58,115.98,tomato
134,66,156,18.45,50.0,6.42,94.35,spinach
118,88,271,34.63,52.31,5.54,68.69,chilli
158,96,320,25.42,64.27,5.91,146.02,tomato
150,59,233,29.88,50.98,6.44,65.0,chilli
168,76,219,30.63,76.34,6.5,90.06,ladyfinger
128,55,228,21.85,50.82,6.88,61.89,spinach
160,65,162,20.55,75.14,6.29,88.88,spinach
189,79,226,32.69,59.45,6.6,116.04,ladyfinger
163,50,266,24.34,45.0,5.5,140.35,tomato
162,95,234,31.36,76.93,6.26,111.88,ladyfinger
148,86,203,35.59,49.63,6.04,84.38,chilli
174,70,233,33.61,53.19,7.0,130.93,tomato
186,74,227,28.47,73.46,6.84,126.61,ladyfinger
167,78,227,24.62,62.48,5.69,109.63,tomato
114,51,204,22.48,65.02,6.63,103.81,spinach
147,82,240,23.96,57.75,6.4,133.2,tomato
160,49,162,16.36,70.7,5.94,72.55,spinach
130,83,235,32.78,60.15,5.72,118.75,tomato
186,62,283,28.63,61.59,6.2,107.06,tomato
190,81,197,36.53,73.06,6.46,145.53,ladyfinger
171,78,266,31.62,75.14,6.25,89.69,ladyfinger
202,63,227,28.2,68.23,6.4,126.21,tomato
80,50,187,26.17,61.92,6.61,82.83,spinach
140,77,214,29.41,58.28,5.76,119.86,chilli
147,87,239,28.09,65.58,5.71,102.89,tomato
156,59,275,35.51,70.86,5.89,83.03,ladyfinger
192,86,238,31.02,50.98,6.65,123.86,tomato
121,55,223,20.45,65.77,6.36,71.31,spinach
146,48,219,21.42,64.49,6.53,85.04,spinach
155,57,241,32.2,69.8,6.57,100.54,ladyfinger
173,90,237,30.93,50.94,5.76,137.19,tomato
187,80,203,32.07,55.11,6.4,80.92,tomato
138,52,223,31.92,64.74,6.82,117.64,ladyfinger
147,71,187,19.03,63.99,6.52,101.88,spinach
211,56,287,34.69,49.43,6.51,120.03,tomato
126,69,204,29.62,60.47,6.22,109.38,ladyfinger
167,54,242,30.13,67.78,6.81,130.0,ladyfinger
240,62,271,26.77,66.27,5.61,88.43,tomato
151,62,177,17.21,62.38,6.44,89.92,spinach
150,58,236,29.85,47.09,6.9,99.53,chilli
113,65,230,28.61,52.54,6.46,92.13,chilli
114,56,150,21.34,67.86,6.94,69.63,spinach
116,40,188,21.15,62.95,6.43,78.76,spinach
107,59,220,24.26,74.51,6.71,87.03,spinach
126,56,273,27.42,52.42,5.85,81.57,chilli
123,72,216,30.26,54.87,7.0,63.4,chilli
189,52,196,31.98,55.0,6.89,136.86,ladyfinger
202,62,268,29.86,45.0,6.24,108.29,tomato
127,67,218,33.89,62.92,6.09,65.54,ladyfinger
110,78,221,28.0,77.53,6.39,136.76,ladyfinger
180,79,257,28.25,66.38,6.57,93.73,tomato
195,73,312,25.56,75.0,6.21,85.61,tomato
130,57,209,29.21,64.54,6.56,101.01,spinach
183,81,279,30.9,63.95,6.06,138.55,tomato
195,68,195,33.1,71.96,6.16,122.62,ladyfinger
120,74,198,19.87,52.89,5.96,48.32,spinach
142,50,178,24.08,61.86,6.82,92.34,spinach
189,45,257,28.2,85.0,5.78,135.35,ladyfinger
145,87,202,26.84,54.46,5.97,105.4,chilli
160,68,282,23.95,56.68,6.21,122.78,tomato
152,69,241,29.69,40.93,5.9,70.56,chilli
142,47,216,22.9,57.83,5.61,93.27,chilli
240,50,268,26.33,55.31,5.95,97.28,tomato
181,70,218,36.01,59.13,6.36,131.27,ladyfinger
185,87,198,26.38,57.96,6.3,149.83,tomato
156,74,217,28.87,72.0,6.36,98.26,chilli
169,63,198,31.84,54.74,6.33,71.88,chilli
160,66,210,35.91,62.52,5.7,101.42,chilli
141,74,290,36.15,59.25,6.74,95.41,ladyfinger
185,92,237,29.22,64.41,6.38,99.36,tomato
126,48,247,23.42,55.47,6.7,60.51,spinach
110,69,169,24.44,62.77,6.42,95.81,spinach
147,87,266,29.56,57.78,5.6,87.06,chilli
147,69,177,31.18,54.29,6.64,71.21,chilli
189,57,195,31.79,67.22,6.06,108.24,ladyfinger
101,45,209,21.85,65.26,6.27,75.39,spinach
80,50,214,25.6,61.29,6.38,103.08,spinach
129,76,175,20.92,68.33,6.48,60.35,spinach
157,67,215,21.32,57.32,6.39,101.77,spinach
182,94,252,34.17,48.49,5.99,116.84,tomato
146,87,179,35.81,56.09,5.96,86.04,chilli
134,61,254,33.53,72.1,6.77,102.04,ladyfinger
191,77,216,31.03,64.95,5.69,76.96,chilli
131,80,222,32.07,55.0,5.87,123.42,ladyfinger
143,52,172,29.72,65.47,6.5,79.52,spinach
145,70,269,32.06,67.29,6.24,75.77,chilli
145,61,205,30.01,46.53,5.8,79.68,chilli
169,63,173,36.13,47.02,5.58,112.07,chilli
147,79,206,29.07,69.59,6.09,90.53,ladyfinger
156,77,255,33.57,50.67,5.96,103.42,chilli
149,83,232,24.96,49.28,6.37,102.97,tomato
181,70,284,37.05,67.26,7.4,110.54,ladyfinger
228,97,290,28.07,62.57,6.6,159.01,tomato
130,56,168,24.99,61.05,6.03,71.44,spinach
147,77,256,33.09,43.73,6.18,107.01,chilli
135,94,196,34.85,73.45,5.93,107.27,ladyfinger
165,81,219,33.21,69.44,6.57,95.6,ladyfinger
165,67,232,31.36,60.1,6.13,117.25,tomato
199,84,221,28.96,52.07,5.95,124.73,tomato
188,89,292,29.34,55.99,6.02,125.96,tomato
190,79,230,27.05,59.57,5.71,115.33,chilli
143,59,234,34.48,60.8,6.37,79.59,chilli
145,83,266,33.57,66.41,6.05,96.99,ladyfinger
158,86,227,28.05,62.07,5.45,68.37,chilli
160,48,190,27.97,58.34,6.33,77.06,spinach
159,58,247,27.74,64.39,6.58,118.51,tomato
143,74,235,33.63,54.81,6.66,108.16,chilli
145,73,199,32.11,54.38,5.89,82.77,chilli
171,93,251,29.98,74.13,6.62,122.33,tomato
182,61,229,25.25,69.92,6.04,146.71,tomato
130,83,233,26.34,65.57,6.67,113.19,tomato
140,67,212,34.47,71.12,5.95,111.78,ladyfinger
172,56,238,30.94,76.71,6.34,108.7,ladyfinger
153,66,241,31.99,83.64,6.0,108.59,ladyfinger
128,56,209,28.53,50.7,6.19,91.58,chilli
212,69,289,28.63,58.72,7.0,93.61,tomato
149,57,226,17.54,67.14,6.77,81.65,spinach
185,73,244,29.1,68.32,5.5,110.78,tomato
148,58,247,27.19,58.45,6.41,109.51,ladyfinger
126,84,205,26.74,55.24,5.74,119.67,chilli
208,102,257,25.47,45.0,6.47,99.63,tomato
105,55,206,26.65,57.01,6.8,75.72,spinach
194,50,250,28.47,57.78,6.72,130.54,tomato
147,53,248,34.73,77.51,6.7,107.06,ladyfinger
161,67,253,29.44,71.97,6.0,107.56,tomato
144,66,184,18.04,63.38,6.26,78.73,spinach
109,53,158,19.58,72.72,6.98,55.31,spinach
210,95,278,26.62,51.36,5.95,124.91,tomato
171,56,225,29.17,64.65,6.19,148.92,tomato
175,64,267,27.01,55.85,6.54,120.74,tomato
171,116,255,27.18,53.31,6.64,141.68,tomato
104,76,175,18.36,74.26,6.74,92.48,spinach
163,64,173,28.65,58.25,6.41,66.56,chilli
190,70,212,35.2,70.14,6.42,83.54,ladyfinger
169,74,211,26.71,67.72,6.72,144.01,tomato
227,81,226,24.56,68.72,5.97,121.1,tomato
167,69,276,25.87,65.16,6.05,70.6,tomato
178,85,238,31.92,68.58,6.13,102.92,chilli
129,61,252,33.25,66.92,6.48,112.36,ladyfinger
108,52,185,27.56,64.89,6.18,96.45,spinach
117,63,221,33.41,58.2,6.12,67.45,chilli
131,58,241,34.02,71.29,6.54,102.59,ladyfinger
82,50,202,22.48,56.78,6.88,62.68,spinach
172,76,240,37.0,68.57,6.65,127.71,ladyfinger
191,61,240,34.18,74.43,6.15,112.12,ladyfinger
137,71,227,19.81,67.89,6.11,91.45,spinach
144,75,219,27.44,65.32,6.02,130.97,chilli
144,77,219,32.38,65.79,6.42,99.41,chilli
164,99,287,27.0,45.65,5.97,105.0,tomato
160,58,243,35.26,64.37,5.79,125.47,ladyfinger
134,62,211,22.06,70.38,6.68,72.92,spinach
190,52,238,28.28,52.31,5.87,73.93,chilli
152,54,220,27.46,74.39,6.37,72.49,ladyfinger
129,75,166,22.57,59.7,6.63,80.38,spinach
119,53,222,23.96,52.39,6.94,107.6,spinach
119,53,218,36.76,53.38,5.93,61.16,chilli
131,69,206,27.04,60.93,6.21,114.18,chilli
167,79,315,23.73,45.19,6.51,103.03,tomato
126,70,221,21.52,64.85,6.2,79.63,spinach
159,83,240,29.62,64.31,6.64,138.57,ladyfinger
182,64,279,34.97,59.86,6.4,122.11,tomato
177,63,275,28.55,56.64,5.5,156.11,tomato
145,50,229,30.79,55.51,5.91,84.14,chilli
139,75,263,34.92,40.0,6.23,86.44,chilli
166,70,176,38.0,68.97,6.29,74.94,chilli
148,30,232,23.01,55.34,6.18,113.53,spinach
219,76,287,25.15,52.74,5.5,161.82,tomato
173,92,232,25.75,58.23,5.73,165.51,tomato
101,55,179,23.72,50.71,6.39,86.02,spinach
164,68,218,34.37,70.65,6.97,89.43,tomato
122,61,249,17.31,77.94,6.53,62.02,spinach
129,46,239,19.65,62.42,6.74,55.38,spinach
130,77,242,26.8,59.08,6.31,116.25,tomato
113,50,184,27.3,68.24,6.12,98.36,spinach
208,91,320,26.41,67.66,6.16,150.84,tomato
143,51,244,31.67,68.44,6.96,122.08,ladyfinger
182,56,190,28.89,61.12,6.09,117.35,tomato
178,62,241,35.44,76.33,6.71,84.72,ladyfinger
109,50,221,18.69,66.76,6.87,69.74,spinach
133,78,208,30.71,66.27,5.84,100.85,tomato
179,85,250,25.56,66.59,6.29,120.44,tomato
177,67,227,25.06,57.82,6.69,99.87,tomato
161,70,212,29.73,73.91,7.35,132.07,ladyfinger
141,74,201,29.83,42.89,6.25,125.3,chilli
143,60,242,32.78,56.35,6.27,89.25,chilli
118,58,205,24.13,61.52,6.65,74.81,spinach
136,80,236,30.87,65.53,5.78,86.26,chilli
145,72,246,26.42,46.9,5.23,79.02,chilli
162,74,238,31.06,56.97,7.0,130.77,tomato
176,71,217,32.52,63.21,6.41,117.28,ladyfinger
128,37,227,22.76,76.08,6.63,102.03,spinach
150,64,191,20.95,62.43,7.12,87.64,spinach
174,64,304,33.04,52.93,6.26,102.99,tomato
180,90,190,29.34,54.89,6.86,135.58,tomato
139,58,209,29.71,51.89,5.91,96.68,chilli
196,50,311,28.89,53.79,6.26,124.4,tomato
148,87,192,21.85,65.91,6.4,118.57,tomato
149,52,229,30.78,84.81,5.93,112.26,ladyfinger
152,84,190,29.66,55.61,6.97,100.63,tomato
149,56,193,34.98,68.6,5.9,91.82,ladyfinger
135,63,177,26.21,53.79,6.68,123.81,spinach
142,63,213,25.2,74.35,6.91,92.97,spinach
156,71,242,30.07,47.18,5.76,50.42,chilli
139,67,246,26.51,52.14,6.38,84.0,chilli
151,59,217,32.52,85.0,6.1,103.0,ladyfinger
213,82,223,30.87,65.31,5.79,129.54,tomato
159,108,308,28.77,59.91,6.61,147.37,tomato
209,72,229,31.84,66.63,6.44,109.19,ladyfinger
151,67,195,26.47,66.19,6.4,67.73,spinach
140,71,228,27.04,60.78,6.03,55.69,chilli
135,96,195,30.69,57.06,6.48,86.69,tomato
192,76,266,29.99,76.43,7.19,94.85,ladyfinger
210,81,235,34.6,56.91,7.41,97.02,ladyfinger
165,90,251,23.37,61.31,7.0,132.32,tomato
131,56,213,19.24,66.35,6.08,77.78,spinach
133,52,215,20.37,63.7,6.51,59.96,spinach
121,44,182,18.15,72.82,5.87,103.07,spinach
167,64,232,34.43,83.37,6.5,124.41,ladyfinger
138,55,236,32.23,82.35,6.55,60.0,ladyfinger
188,76,236,32.39,57.97,6.18,121.38,ladyfinger
143,79,242,33.84,62.81,5.5,98.49,ladyfinger
202,59,261,22.07,60.38,6.96,96.3,tomato
147,59,255,34.88,69.22,6.37,120.21,ladyfinger
144,66,204,33.69,58.69,6.1,106.17,chilli
152,61,235,17.97,54.07,6.46,90.06,spinach
127,65,150,28.27,63.88,6.83,59.2,spinach
138,53,236,35.23,60.31,6.08,98.18,chilli
157,77,230,34.88,56.89,5.85,71.68,chilli
121,80,195,22.9,64.72,6.15,102.86,spinach
158,63,209,26.32,68.72,6.53,134.19,ladyfinger
137,43,225,27.67,48.6,5.8,124.9,chilli
176,83,175,32.33,56.11,7.38,99.7,ladyfinger
179,83,230,31.52,50.59,6.4,149.55,tomato
190,89,241,27.28,67.54,6.56,111.65,ladyfinger
171,87,271,25.48,60.54,5.5,156.05,tomato
123,65,262,33.75,70.45,6.59,109.4,ladyfinger
152,65,233,28.04,50.11,5.79,117.06,chilli
181,67,234,31.24,68.32,6.64,118.08,ladyfinger
185,65,278,30.42,66.52,6.73,74.29,ladyfinger
187,51,264,31.15,59.35,6.9,141.5,tomato
122,58,300,29.1,79.18,6.17,121.2,ladyfinger
92,49,222,24.86,69.1,6.72,90.32,spinach
180,109,281,32.93,63.13,6.67,101.9,tomato
129,48,229,31.52,76.81,6.7,123.31,ladyfinger
119,39,229,19.8,58.52,6.56,102.97,spinach
99,60,194,24.14,68.79,6.48,63.06,spinach
187,91,272,29.67,64.43,6.34,149.26,ladyfinger
112,58,192,21.72,60.77,6.05,86.43,spinach
148,47,282,32.32,67.65,6.24,76.71,ladyfinger
155,57,235,28.16,52.4,6.1,92.06,chilli
104,50,176,22.37,78.0,6.6,74.95,spinach
135,46,199,15.0,56.8,6.42,55.04,spinach
196,95,250,26.2,47.53,6.53,130.6,tomato
181,59,251,31.07,40.53,6.25,87.65,chilli
154,90,181,28.2,61.58,6.13,93.61,chilli
138,39,238,21.01,63.31,6.31,74.24,spinach
162,64,264,28.07,55.0,6.31,120.31,ladyfinger
162,69,180,31.59,74.51,6.33,96.06,ladyfinger
170,91,193,29.98,53.57,6.32,113.81,tomato
158,83,249,27.12,55.84,6.37,83.32,ladyfinger
194,93,265,26.62,66.05,5.64,146.35,tomato
174,74,237,34.67,85.0,7.08,98.5,ladyfinger
144,73,245,28.66,47.94,5.42,99.6,chilli
149,80,248,31.24,47.29,5.23,54.86,chilli
125,78,278,33.19,66.31,6.09,109.36,chilli
149,59,259,35.21,69.29,6.67,86.31,ladyfinger
184,58,209,31.08,62.26,6.63,84.44,ladyfinger
143,82,238,34.13,47.08,5.86,105.18,chilli
122,60,247,29.53,74.69,6.29,135.52,ladyfinger
175,78,244,30.91,63.35,6.29,88.23,tomato
154,64,188,34.58,55.0,7.49,143.04,ladyfinger
142,67,216,18.57,78.07,6.16,86.05,spinach
174,87,266,24.76,67.98,6.65,91.75,tomato
136,72,241,32.39,43.61,6.76,77.18,chilli
185,80,221,27.86,50.14,6.76,86.1,tomato
137,65,205,26.22,75.82,6.63,120.28,ladyfinger
204,73,249,27.95,65.47,6.44,114.5,tomato
180,56,230,25.29,66.47,6.25,87.86,tomato
113,44,168,25.48,61.26,6.6,79.06,spinach
150,67,248,28.59,79.88,6.65,144.28,ladyfinger
125,69,213,31.26,72.47,6.31,115.07,ladyfinger
210,94,252,28.69,68.59,6.29,142.6,tomato
131,83,240,32.93,55.07,5.43,109.56,chilli
168,76,235,28.87,49.75,6.51,80.05,chilli
147,43,223,28.59,71.85,6.14,134.46,ladyfinger
86,42,219,22.51,63.53,6.51,86.95,spinach
152,75,231,27.74,46.02,7.0,80.32,chilli
154,45,203,27.43,50.63,6.23,87.85,chilli
214,93,248,28.73,57.65,6.74,114.99,tomato
164,43,248,34.32,69.38,7.35,94.98,ladyfinger
140,68,238,33.83,59.56,6.04,119.96,chilli
130,70,224,28.46,58.86,6.76,83.67,spinach
143,60,191,24.32,50.0,6.84,45.21,spinach
137,55,165,21.84,78.63,6.87,78.76,spinach
161,59,240,34.2,80.93,6.53,90.4,ladyfinger
120,58,243,22.72,80.0,6.67,44.78,spinach
171,71,252,31.75,67.43,6.47,135.45,ladyfinger
130,60,190,27.34,40.0,6.22,131.08,chilli
125,67,246,36.61,80.48,6.75,62.42,ladyfinger
103,52,208,24.93,61.17,6.44,57.87,spinach
132,53,214,29.62,55.82,5.88,102.66,chilli
148,63,239,33.09,69.88,6.17,66.81,ladyfinger
141,70,192,33.09,40.65,6.22,83.47,chilli
97,37,190,22.47,64.23,6.38,61.09,spinach
154,49,205,19.77,54.44,6.32,79.26,spinach
168,62,228,25.3,58.26,6.78,70.1,chilli
178,64,238,28.25,67.28,6.13,89.77,tomato
167,52,245,30.85,73.47,6.38,111.63,ladyfinger
184,93,212,23.4,72.64,5.96,148.4,tomato
164,50,262,31.68,69.1,6.76,117.36,ladyfinger
170,80,232,27.84,78.45,6.97,129.76,ladyfinger
159,84,286,26.21,75.0,5.99,120.81,tomato
125,61,209,23.17,54.39,6.81,103.39,spinach
136,68,257,34.52,74.6,6.2,125.72,ladyfinger
108,59,171,22.33,64.73,6.44,77.43,spinach
168,65,234,29.86,65.65,6.57,79.52,ladyfinger
130,86,178,27.58,68.42,5.83,63.7,chilli
144,75,225,28.94,51.47,5.55,109.76,chilli
107,59,212,22.78,60.6,6.3,79.49,spinach
142,66,213,23.08,79.09,6.5,56.36,spinach
150,84,225,29.66,59.73,5.56,130.52,tomato
163,62,175,32.06,72.41,6.2,84.6,ladyfinger
174,79,229,37.97,65.29,6.49,115.4,ladyfinger
167,87,289,24.68,57.08,6.14,85.11,tomato
148,60,221,34.62,67.53,5.68,108.94,ladyfinger
205,98,248,26.93,69.82,5.72,130.96,tomato
137,57,168,20.4,60.14,6.48,88.52,spinach
171,77,241,33.44,71.25,6.68,75.3,ladyfinger
192,96,222,22.0,64.89,5.78,73.97,chilli
120,76,243,23.31,65.3,6.54,92.27,spinach
147,55,221,38.53,66.81,6.76,101.73,ladyfinger
129,80,238,31.39,73.45,6.49,126.88,ladyfinger
157,63,212,23.11,68.15,5.92,74.42,spinach
164,72,241,28.8,65.72,6.18,120.4,tomato
157,65,266,31.66,70.12,6.16,119.48,ladyfinger
167,81,241,31.44,45.0,6.19,117.35,tomato
167,88,170,31.3,43.59,6.2,92.56,chilli
160,38,226,21.48,71.18,6.63,65.34,spinach
152,87,177,27.6,50.58,5.85,104.8,chilli
117,47,213,19.3,65.23,6.5,101.72,spinach
152,65,258,34.23,61.28,5.87,129.71,chilli
159,49,202,31.23,58.28,6.49,87.1,chilli
159,101,247,25.34,67.98,6.09,138.99,tomato
138,56,184,24.09,68.15,6.77,92.7,spinach
162,56,311,31.76,53.77,6.31,130.44,tomato
151,48,262,32.43,63.39,6.24,146.92,ladyfinger
160,72,210,29.23,65.33,5.66,108.62,tomato
157,62,188,28.47,60.15,6.72,85.99,spinach
168,39,233,26.96,60.33,6.33,138.08,ladyfinger
172,54,309,27.82,54.01,6.37,149.18,tomato
107,49,234,15.59,80.0,6.82,84.46,spinach
103,48,192,17.96,58.45,6.36,97.49,spinach
190,58,237,32.55,74.95,6.41,114.18,ladyfinger
124,80,209,18.99,64.24,5.97,78.39,spinach
148,49,179,23.41,60.58,6.69,84.06,spinach
157,49,231,27.34,50.0,5.56,104.64,chilli
107,64,201,22.81,77.23,6.65,90.77,spinach
120,72,249,29.45,42.95,6.34,123.71,chilli
166,120,220,25.24,55.48,6.3,108.24,tomato
135,61,177,25.26,60.71,6.74,87.35,spinach
159,81,212,28.03,46.37,6.14,69.2,chilli
164,63,202,32.58,78.22,6.31,115.9,ladyfinger
124,83,197,30.23,77.26,6.66,85.62,ladyfinger
134,80,175,30.79,55.0,6.07,99.2,ladyfinger
158,61,240,33.9,62.76,6.07,124.29,ladyfinger
163,63,200,23.78,56.23,5.97,112.72,chilli
146,95,286,36.48,67.35,7.37,118.1,ladyfinger
161,73,190,28.82,52.03,5.29,70.38,chilli
135,61,175,21.27,64.69,6.46,86.68,spinach
175,78,250,37.69,83.08,6.58,91.55,ladyfinger
186,87,220,32.87,75.0,6.36,159.76,tomato
167,78,260,28.95,61.31,6.12,131.48,ladyfinger
117,50,160,23.54,60.74,6.15,40.0,spinach
166,93,250,29.19,52.34,5.96,108.53,tomato
135,50,214,20.61,61.27,6.57,41.73,spinach
131,66,221,23.38,64.44,6.0,88.59,spinach
161,104,257,29.91,53.42,5.71,105.76,tomato
162,47,207,38.16,73.68,6.1,119.2,ladyfinger
218,78,259,30.5,54.96,6.55,60.0,tomato
194,67,253,36.11,64.87,6.84,116.06,ladyfinger
120,53,300,33.83,85.0,6.73,93.68,ladyfinger
127,81,252,34.36,74.71,6.47,142.13,ladyfinger
151,55,212,34.17,57.55,5.99,127.92,chilli
129,71,219,30.96,55.93,6.15,83.77,chilli
167,59,220,29.05,55.0,7.0,87.99,ladyfinger
177,79,220,30.65,57.37,6.16,53.49,chilli
190,73,248,33.85,66.8,6.38,90.15,ladyfinger
144,35,204,16.55,71.08,6.47,88.39,spinach
166,58,265,31.38,63.7,6.49,153.2,ladyfinger
145,53,254,36.3,54.67,6.86,91.83,chilli
164,72,234,30.9,66.74,6.16,127.33,ladyfinger
151,67,191,24.55,50.89,6.36,115.12,chilli
149,86,208,27.98,82.22,6.88,119.51,ladyfinger
149,61,259,32.55,74.88,6.31,102.48,ladyfinger
135,64,175,33.01,73.62,7.07,105.73,ladyfinger
157,65,247,26.67,57.59,5.38,94.08,chilli
183,77,292,29.91,72.93,5.64,119.14,tomato
161,87,202,27.28,61.04,6.88,148.63,ladyfinger
174,60,191,31.49,60.08,6.16,50.0,chilli
144,68,252,36.54,68.77,6.18,113.81,ladyfinger
174,50,175,29.07,68.06,7.43,121.95,ladyfinger
115,51,184,24.23,63.55,6.31,106.43,spinach
185,75,243,30.3,51.68,6.98,74.47,tomato
162,94,223,29.35,52.93,6.05,73.43,chilli
133,78,280,31.5,40.0,5.86,92.45,chilli
188,70,243,25.18,68.95,6.08,156.32,tomato
163,88,194,34.77,57.27,6.0,82.05,chilli
166,59,228,29.85,60.0,5.91,83.86,chilli
158,78,223,30.09,56.99,5.68,131.04,tomato
195,88,275,28.97,55.74,6.54,86.06,tomato
157,63,261,25.47,60.82,6.01,75.47,tomato
155,65,209,24.89,53.02,5.81,79.68,chilli
169,76,278,26.95,61.58,5.48,93.15,chilli
133,65,234,36.16,59.84,6.19,100.62,chilli
154,67,257,25.55,48.99,6.61,92.62,chilli
170,59,284,36.64,70.26,7.01,149.23,ladyfinger
173,68,202,32.87,64.47,5.53,65.92,chilli
140,59,229,26.48,47.05,6.46,128.01,chilli
149,77,212,23.41,65.15,6.08,82.41,chilli
188,72,215,32.1,62.85,6.33,97.8,ladyfinger
159,83,175,33.53,75.74,6.86,108.57,ladyfinger
152,83,235,28.69,43.73,6.11,60.16,chilli
169,61,207,33.05,71.61,7.24,96.25,ladyfinger
163,66,220,34.48,55.1,6.19,99.33,ladyfinger
169,72,270,37.59,71.0,6.84,102.26,ladyfinger
181,74,178,35.97,70.75,6.56,90.97,ladyfinger
197,96,271,28.82,52.01,6.2,106.67,tomato
157,74,260,29.05,52.82,6.0,146.86,tomato
144,45,223,24.34,55.42,6.35,80.46,chilli
162,50,198,25.36,76.54,6.73,128.56,ladyfinger
160,51,238,31.0,71.15,6.48,130.73,tomato
174,95,274,28.05,52.2,6.46,120.48,tomato
163,83,273,23.15,62.4,6.57,109.62,tomato
162,88,219,37.8,41.21,6.28,113.33,chilli
141,50,232,33.82,57.22,5.66,90.89,chilli
156,68,197,36.78,69.9,6.51,97.31,ladyfinger
177,80,170,26.99,62.56,6.06,69.52,chilli
176,85,281,30.62,50.86,6.53,118.38,tomato
158,97,176,32.35,47.71,5.99,85.04,chilli
176,75,219,24.48,63.71,5.98,127.91,tomato
139,63,236,30.77,44.41,5.83,107.55,chilli
169,35,243,27.03,75.17,6.99,89.62,ladyfinger
145,98,255,30.51,59.18,5.86,138.77,tomato
177,77,199,35.27,78.36,6.02,145.17,ladyfinger
168,80,187,28.6,61.58,6.02,68.53,chilli
137,56,161,19.59,64.41,6.48,119.45,spinach
174,68,233,35.89,73.24,6.06,95.02,ladyfinger
122,52,238,15.0,73.73,6.87,40.0,spinach
100,75,221,24.96,57.48,6.19,101.79,chilli
211,71,190,26.76,67.31,6.42,130.7,tomato
140,78,267,27.74,41.68,5.2,86.99,chilli
134,74,281,26.99,53.23,6.57,111.73,tomato
210,113,239,28.33,56.67,6.2,158.32,tomato
182,72,258,26.82,68.72,6.29,103.83,ladyfinger
158,54,268,26.36,67.38,6.38,110.35,ladyfinger
186,77,170,33.65,63.72,5.86,104.35,chilli
181,69,261,27.35,52.49,6.73,143.22,tomato
144,59,203,31.33,78.6,6.4,128.91,ladyfinger
167,71,225,27.5,41.26,6.09,108.1,chilli
124,42,210,20.05,60.77,6.68,104.77,spinach
80,52,206,18.55,68.09,6.44,115.11,spinach
179,92,219,27.92,55.0,6.5,120.79,tomato
199,81,245,25.39,60.58,6.5,91.42,tomato
130,64,184,18.39,56.66,6.35,72.96,spinach
182,66,244,23.51,70.91,6.08,107.78,tomato
160,66,217,34.95,66.55,5.87,93.04,ladyfinger
178,94,224,31.53,56.61,6.21,87.61,chilli
159,69,264,25.56,56.12,6.03,106.27,chilli
146,56,229,32.5,67.47,6.86,121.18,ladyfinger
201,105,226,31.23,45.0,5.72,96.03,tomato
180,73,242,26.81,63.79,5.93,65.67,ladyfinger
161,83,236,28.56,72.07,6.44,132.72,tomato
110,49,226,33.72,73.91,6.59,101.56,ladyfinger
194,96,260,20.52,56.01,6.68,99.81,tomato
158,74,218,30.73,59.5,6.5,117.16,ladyfinger
183,81,281,29.0,71.82,5.8,123.4,tomato
187,55,221,35.0,57.56,6.49,103.73,tomato
115,51,218,23.33,62.11,6.85,58.38,spinach
160,86,228,30.59,61.21,6.32,100.44,tomato
186,50,255,26.16,69.29,6.84,97.87,ladyfinger
164,35,222,34.29,66.88,6.21,87.09,ladyfinger
150,43,205,18.71,60.29,6.25,67.84,spinach
191,87,226,29.27,70.24,5.5,132.57,tomato
192,40,216,35.18,55.97,6.3,92.0,chilli
124,66,221,24.49,66.11,6.06,97.63,chilli
146,96,242,31.81,63.93,5.71,155.62,tomato
152,95,292,26.11,57.78,5.79,114.91,tomato
99,60,230,24.16,72.97,6.27,51.56,spinach
125,49,168,24.62,70.2,6.47,116.93,spinach
145,56,269,27.72,60.31,6.42,78.89,chilli
122,62,240,18.29,80.0,5.91,76.96,spinach
164,65,199,28.57,54.64,6.54,51.32,chilli
114,39,222,21.77,63.56,7.46,85.98,spinach
152,64,258,33.01,74.0,6.6,129.46,ladyfinger
167,45,256,28.66,82.47,6.38,82.58,ladyfinger
113,41,200,24.71,57.74,6.96,90.22,spinach
115,35,216,18.28,65.48,6.58,107.21,spinach
118,57,239,24.96,71.95,6.36,62.22,spinach
157,61,230,29.86,67.12,7.21,89.92,ladyfinger
127,71,221,23.24,68.71,6.51,91.16,spinach
142,50,262,27.72,55.88,6.3,118.49,tomato
141,82,275,29.34,75.38,5.93,140.89,ladyfinger
119,69,197,31.81,42.06,6.14,77.4,chilli
160,60,228,27.81,47.82,5.75,82.49,chilli
136,60,249,33.67,62.59,6.21,91.85,chilli
166,83,278,29.5,52.97,6.5,104.06,tomato
132,71,249,32.78,55.27,5.86,108.95,chilli
142,65,206,28.53,40.0,6.16,73.09,chilli
168,77,220,27.89,53.51,5.75,126.47,tomato
206,75,287,30.11,75.62,6.94,90.28,ladyfinger
110,44,198,24.87,57.11,6.65,69.39,spinach
143,59,202,26.57,75.75,6.49,110.23,ladyfinger
120,53,165,20.74,62.26,6.26,76.77,spinach
140,91,215,29.74,40.0,5.92,106.73,chilli
175,67,209,31.43,46.49,6.41,68.88,chilli
134,44,197,19.59,61.9,6.38,70.45,spinach
141,48,221,18.72,72.12,6.55,91.07,spinach
129,55,220,26.17,69.46,6.5,53.76,spinach
191,54,233,27.01,73.4,6.09,64.97,tomato
106,36,198,21.63,77.11,6.69,59.52,spinach
171,62,279,33.07,73.36,6.69,115.06,tomato
152,65,207,26.77,51.55,5.15,75.28,chilli
182,74,206,28.77,75.0,5.85,100.67,tomato
128,45,166,17.43,73.9,6.31,110.67,spinach
110,66,259,29.5,63.31,5.65,144.98,ladyfinger
193,91,320,34.56,54.51,6.85,129.58,tomato
210,56,263,30.82,61.31,6.44,124.28,ladyfinger
108,31,197,26.27,72.41,6.79,104.72,spinach
170,65,247,37.03,75.81,6.9,112.08,ladyfinger
176,59,247,28.7,69.03,5.85,73.19,chilli
163,54,212,26.99,56.01,5.85,93.54,chilli
180,49,300,34.57,56.53,6.12,127.95,ladyfinger
133,64,257,29.18,40.04,5.97,88.43,chilli
147,43,222,24.68,79.64,6.38,94.25,spinach
163,57,242,31.01,77.04,6.53,103.06,ladyfinger
130,95,259,25.68,75.0,6.23,94.1,tomato
147,66,256,28.04,85.0,6.41,113.12,ladyfinger
108,55,207,19.57,68.39,6.36,79.71,spinach
193,71,248,27.82,66.61,5.77,118.71,tomato
150,52,194,25.98,69.45,6.64,123.3,spinach
105,54,208,22.96,68.38,6.98,89.07,spinach
160,75,214,29.48,64.59,6.17,127.94,ladyfinger
182,86,256,24.91,60.37,5.77,122.03,tomato
103,64,186,21.65,59.92,7.02,73.58,spinach
148,83,282,26.87,70.81,6.72,161.59,tomato
194,81,257,32.22,70.18,6.71,101.38,ladyfinger
168,66,228,29.5,61.32,5.95,118.92,ladyfinger
150,71,225,26.98,66.22,5.97,115.88,ladyfinger
127,83,218,30.26,52.77,6.31,105.66,chilli
165,79,243,31.35,61.49,5.91,167.26,tomato
168,66,215,29.59,48.77,5.82,84.59,chilli
100,86,202,32.06,60.93,5.65,103.21,chilli
157,84,196,28.76,49.21,6.13,82.82,chilli
123,57,263,30.14,53.06,5.52,98.95,chilli
185,62,256,31.42,70.27,6.21,106.0,ladyfinger
174,49,240,33.68,68.41,6.55,88.19,ladyfinger
157,72,259,30.73,51.77,6.0,92.35,chilli
126,53,240,23.47,70.88,6.7,103.47,spinach
107,64,180,21.66,69.04,6.76,55.99,spinach
196,94,249,25.69,45.81,5.93,104.57,tomato
196,82,247,24.1,61.86,5.9,65.25,tomato
138,76,250,25.52,53.65,6.11,87.96,chilli
168,87,240,29.35,56.13,5.39,87.32,chilli
142,70,260,32.63,63.59,6.58,101.15,ladyfinger
124,84,252,26.26,65.86,5.94,98.37,chilli
121,42,168,20.99,78.35,6.42,49.94,spinach
139,79,206,34.23,53.99,6.27,104.92,chilli
181,82,256,30.76,68.15,5.96,104.6,tomato
173,61,265,25.5,75.0,6.43,105.48,tomato
155,84,181,31.22,59.65,5.18,105.97,chilli
183,75,271,26.16,59.54,6.67,128.55,tomato
124,58,194,23.76,61.2,6.76,53.08,spinach
139,48,192,20.82,53.29,6.59,85.22,spinach
129,70,209,21.06,64.99,6.12,92.09,spinach
186,64,220,25.09,60.88,5.95,132.35,tomato
151,47,238,23.5,53.81,6.61,40.0,spinach
116,69,260,29.58,57.42,6.55,81.92,chilli
92,39,226,29.32,76.07,6.67,91.9,spinach
130,101,270,23.5,48.17,6.87,101.57,tomato
125,68,160,22.55,67.08,6.73,55.26,spinach
192,111,285,31.43,48.9,6.51,118.67,tomato
152,77,234,31.44,60.01,6.71,95.66,ladyfinger
166,62,232,36.09,66.49,6.64,110.83,ladyfinger
157,86,203,33.41,50.77,6.31,60.82,chilli
190,91,250,25.75,65.53,6.65,100.73,ladyfinger
184,61,242,28.1,62.15,5.75,149.92,tomato
123,83,222,24.7,52.59,6.19,83.34,chilli
125,70,245,35.49,71.44,5.86,88.89,ladyfinger
176,82,265,33.7,78.55,5.97,76.95,ladyfinger
182,86,287,24.0,57.2,5.89,129.48,tomato
185,67,241,36.33,74.64,7.02,61.74,ladyfinger
145,69,242,23.21,54.09,6.46,155.68,tomato
159,98,246,21.34,48.8,6.1,90.92,tomato
130,56,151,19.18,63.85,6.14,92.0,spinach
155,78,244,36.84,79.58,6.22,70.51,ladyfinger
165,58,250,27.48,56.51,6.38,101.23,tomato
177,64,250,22.93,51.04,6.47,135.09,tomato
136,62,213,25.54,55.7,6.5,92.71,chilli
166,75,219,30.08,83.27,6.79,127.39,ladyfinger
173,100,260,28.58,49.84,6.31,99.2,tomato
135,53,170,29.91,50.5,5.43,113.78,chilli
142,78,205,19.29,52.61,6.58,102.08,spinach
110,84,249,32.99,69.51,6.47,96.86,ladyfinger
155,88,276,28.51,69.22,5.71,131.7,tomato
204,107,265,24.83,57.94,6.32,171.71,tomato
115,47,254,21.47,65.99,6.67,80.87,spinach
94,60,207,22.75,67.77,6.3,84.65,spinach
156,87,255,29.91,56.11,6.44,59.98,chilli
150,62,245,17.03,60.8,6.28,94.43,spinach
137,47,218,36.63,61.44,6.88,107.65,chilli
111,54,260,17.49,67.03,6.64,101.72,spinach
184,72,222,22.73,54.44,6.39,102.43,tomato
144,83,199,28.2,59.75,6.0,101.69,chilli
149,66,167,23.87,75.63,6.62,101.82,spinach
198,111,220,26.98,61.85,6.51,106.01,tomato
121,72,226,32.66,69.25,5.45,88.95,chilli
119,71,232,35.4,64.62,6.32,134.69,ladyfinger
124,50,193,27.02,75.72,6.11,96.59,spinach
222,93,251,32.05,47.9,5.67,65.55,tomato
121,74,200,33.22,56.8,6.24,118.21,chilli
148,43,214,37.19,58.07,6.4,110.75,ladyfinger
114,57,206,26.73,64.24,6.58,92.16,spinach
179,55,200,31.15,82.54,6.66,125.49,ladyfinger
182,83,228,26.24,61.84,5.75,128.75,tomato
153,53,204,28.62,46.86,6.34,106.21,chilli
122,67,212,34.76,58.2,6.07,106.74,chilli
150,62,199,22.84,56.0,7.23,82.58,spinach
153,77,244,32.37,53.63,5.94,136.98,chilli
114,73,206,23.49,70.33,6.63,96.78,spinach
130,62,230,32.4,63.97,6.63,88.65,chilli
102,67,217,27.82,57.97,6.39,84.63,spinach
160,49,187,20.13,60.56,6.31,103.78,spinach
153,66,228,32.37,80.3,6.35,84.42,ladyfinger
129,58,209,27.73,56.79,5.22,67.64,chilli
171,83,255,34.43,72.35,5.8,87.02,ladyfinger
163,58,208,29.99,54.67,6.3,50.0,chilli
157,77,215,31.63,52.3,6.0,84.51,chilli
120,84,217,30.11,58.21,5.68,99.13,chilli
186,86,320,27.17,57.46,6.25,146.79,tomato
148,47,196,32.69,40.0,6.47,100.42,chilli
176,69,224,31.43,64.37,5.34,101.69,chilli
